text and hyperlink,form type,size
"('dfs-20221231.htm', '/ix?doc=/Archives/edgar/data/1393612/000139361223000007/dfs-20221231.htm')",10-K,5658873
"('dfs-20221231.htm', '/ix?doc=/Archives/edgar/data/1393612/000139361223000007/dfs-20221231.htm')",10-K,5658873
"('dfs-20221231.htm', '/ix?doc=/Archives/edgar/data/1393612/000139361223000007/dfs-20221231.htm')",10-K,5658873
"('dfs-20221231.htm', '/ix?doc=/Archives/edgar/data/1393612/000139361223000007/dfs-20221231.htm')",10-K,5658873
"('a4q22dfsex4112312022.htm', '/Archives/edgar/data/1393612/000139361223000007/a4q22dfsex4112312022.htm')",EX-4.1,23623
"('a4q22dfsex4112312022.htm', '/Archives/edgar/data/1393612/000139361223000007/a4q22dfsex4112312022.htm')",EX-4.1,23623
"('a4q22dfsex4112312022.htm', '/Archives/edgar/data/1393612/000139361223000007/a4q22dfsex4112312022.htm')",EX-4.1,23623
"('a4q22dfsex4112312022.htm', '/Archives/edgar/data/1393612/000139361223000007/a4q22dfsex4112312022.htm')",EX-4.1,23623
"('a4q22dfsex105912312022.htm', '/Archives/edgar/data/1393612/000139361223000007/a4q22dfsex105912312022.htm')",EX-10.59,3161
"('a4q22dfsex105912312022.htm', '/Archives/edgar/data/1393612/000139361223000007/a4q22dfsex105912312022.htm')",EX-10.59,3161
"('a4q22dfsex105912312022.htm', '/Archives/edgar/data/1393612/000139361223000007/a4q22dfsex105912312022.htm')",EX-10.59,3161
"('a4q22dfsex105912312022.htm', '/Archives/edgar/data/1393612/000139361223000007/a4q22dfsex105912312022.htm')",EX-10.59,3161
"('a4q22dfsex2112312022.htm', '/Archives/edgar/data/1393612/000139361223000007/a4q22dfsex2112312022.htm')",EX-21,13629
"('a4q22dfsex2112312022.htm', '/Archives/edgar/data/1393612/000139361223000007/a4q22dfsex2112312022.htm')",EX-21,13629
"('a4q22dfsex2112312022.htm', '/Archives/edgar/data/1393612/000139361223000007/a4q22dfsex2112312022.htm')",EX-21,13629
"('a4q22dfsex2112312022.htm', '/Archives/edgar/data/1393612/000139361223000007/a4q22dfsex2112312022.htm')",EX-21,13629
"('a4q22dfsex2312312022.htm', '/Archives/edgar/data/1393612/000139361223000007/a4q22dfsex2312312022.htm')",EX-23,3523
"('a4q22dfsex2312312022.htm', '/Archives/edgar/data/1393612/000139361223000007/a4q22dfsex2312312022.htm')",EX-23,3523
"('a4q22dfsex2312312022.htm', '/Archives/edgar/data/1393612/000139361223000007/a4q22dfsex2312312022.htm')",EX-23,3523
"('a4q22dfsex2312312022.htm', '/Archives/edgar/data/1393612/000139361223000007/a4q22dfsex2312312022.htm')",EX-23,3523
"('a4q22dfsex31112312022.htm', '/Archives/edgar/data/1393612/000139361223000007/a4q22dfsex31112312022.htm')",EX-31.1,10015
"('a4q22dfsex31112312022.htm', '/Archives/edgar/data/1393612/000139361223000007/a4q22dfsex31112312022.htm')",EX-31.1,10015
"('a4q22dfsex31112312022.htm', '/Archives/edgar/data/1393612/000139361223000007/a4q22dfsex31112312022.htm')",EX-31.1,10015
"('a4q22dfsex31112312022.htm', '/Archives/edgar/data/1393612/000139361223000007/a4q22dfsex31112312022.htm')",EX-31.1,10015
"('a4q22dfsex31212312022.htm', '/Archives/edgar/data/1393612/000139361223000007/a4q22dfsex31212312022.htm')",EX-31.2,10063
"('a4q22dfsex31212312022.htm', '/Archives/edgar/data/1393612/000139361223000007/a4q22dfsex31212312022.htm')",EX-31.2,10063
"('a4q22dfsex31212312022.htm', '/Archives/edgar/data/1393612/000139361223000007/a4q22dfsex31212312022.htm')",EX-31.2,10063
"('a4q22dfsex31212312022.htm', '/Archives/edgar/data/1393612/000139361223000007/a4q22dfsex31212312022.htm')",EX-31.2,10063
"('a4q22dfsex32112312022.htm', '/Archives/edgar/data/1393612/000139361223000007/a4q22dfsex32112312022.htm')",EX-32.1,6997
"('a4q22dfsex32112312022.htm', '/Archives/edgar/data/1393612/000139361223000007/a4q22dfsex32112312022.htm')",EX-32.1,6997
"('a4q22dfsex32112312022.htm', '/Archives/edgar/data/1393612/000139361223000007/a4q22dfsex32112312022.htm')",EX-32.1,6997
"('a4q22dfsex32112312022.htm', '/Archives/edgar/data/1393612/000139361223000007/a4q22dfsex32112312022.htm')",EX-32.1,6997
"('dfs-20221231_g1.jpg', '/Archives/edgar/data/1393612/000139361223000007/dfs-20221231_g1.jpg')",GRAPHIC,462533
"('dfs-20221231_g1.jpg', '/Archives/edgar/data/1393612/000139361223000007/dfs-20221231_g1.jpg')",GRAPHIC,462533
"('dfs-20221231_g1.jpg', '/Archives/edgar/data/1393612/000139361223000007/dfs-20221231_g1.jpg')",GRAPHIC,462533
"('dfs-20221231_g1.jpg', '/Archives/edgar/data/1393612/000139361223000007/dfs-20221231_g1.jpg')",GRAPHIC,462533
"('dfs-20221231_g2.jpg', '/Archives/edgar/data/1393612/000139361223000007/dfs-20221231_g2.jpg')",GRAPHIC,541470
"('dfs-20221231_g2.jpg', '/Archives/edgar/data/1393612/000139361223000007/dfs-20221231_g2.jpg')",GRAPHIC,541470
"('dfs-20221231_g2.jpg', '/Archives/edgar/data/1393612/000139361223000007/dfs-20221231_g2.jpg')",GRAPHIC,541470
"('dfs-20221231_g2.jpg', '/Archives/edgar/data/1393612/000139361223000007/dfs-20221231_g2.jpg')",GRAPHIC,541470
"('dfs-20221231_g3.jpg', '/Archives/edgar/data/1393612/000139361223000007/dfs-20221231_g3.jpg')",GRAPHIC,85706
"('dfs-20221231_g3.jpg', '/Archives/edgar/data/1393612/000139361223000007/dfs-20221231_g3.jpg')",GRAPHIC,85706
"('dfs-20221231_g3.jpg', '/Archives/edgar/data/1393612/000139361223000007/dfs-20221231_g3.jpg')",GRAPHIC,85706
"('dfs-20221231_g3.jpg', '/Archives/edgar/data/1393612/000139361223000007/dfs-20221231_g3.jpg')",GRAPHIC,85706
"('0001393612-23-000007.txt', '/Archives/edgar/data/1393612/000139361223000007/0001393612-23-000007.txt')",,26726669
"('0001393612-23-000007.txt', '/Archives/edgar/data/1393612/000139361223000007/0001393612-23-000007.txt')",,26726669
"('0001393612-23-000007.txt', '/Archives/edgar/data/1393612/000139361223000007/0001393612-23-000007.txt')",,26726669
"('0001393612-23-000007.txt', '/Archives/edgar/data/1393612/000139361223000007/0001393612-23-000007.txt')",,26726669
