text and hyperlink,form type,size
"('ntrs-20221231.htm', '/ix?doc=/Archives/edgar/data/73124/000007312423000049/ntrs-20221231.htm')",10-K,9768656
"('ntrs-20221231.htm', '/ix?doc=/Archives/edgar/data/73124/000007312423000049/ntrs-20221231.htm')",10-K,9768656
"('ntrs-20221231.htm', '/ix?doc=/Archives/edgar/data/73124/000007312423000049/ntrs-20221231.htm')",10-K,9768656
"('ntrs-20221231.htm', '/ix?doc=/Archives/edgar/data/73124/000007312423000049/ntrs-20221231.htm')",10-K,9768656
"('a202210-kexx43.htm', '/Archives/edgar/data/73124/000007312423000049/a202210-kexx43.htm')",EX-4.3,66376
"('a202210-kexx43.htm', '/Archives/edgar/data/73124/000007312423000049/a202210-kexx43.htm')",EX-4.3,66376
"('a202210-kexx43.htm', '/Archives/edgar/data/73124/000007312423000049/a202210-kexx43.htm')",EX-4.3,66376
"('a202210-kexx43.htm', '/Archives/edgar/data/73124/000007312423000049/a202210-kexx43.htm')",EX-4.3,66376
"('a202210-kexx102i.htm', '/Archives/edgar/data/73124/000007312423000049/a202210-kexx102i.htm')",EX-10.2I,14661
"('a202210-kexx102i.htm', '/Archives/edgar/data/73124/000007312423000049/a202210-kexx102i.htm')",EX-10.2I,14661
"('a202210-kexx102i.htm', '/Archives/edgar/data/73124/000007312423000049/a202210-kexx102i.htm')",EX-10.2I,14661
"('a202210-kexx102i.htm', '/Archives/edgar/data/73124/000007312423000049/a202210-kexx102i.htm')",EX-10.2I,14661
"('a202210-kexx103iii.htm', '/Archives/edgar/data/73124/000007312423000049/a202210-kexx103iii.htm')",EX-10.3III,13894
"('a202210-kexx103iii.htm', '/Archives/edgar/data/73124/000007312423000049/a202210-kexx103iii.htm')",EX-10.3III,13894
"('a202210-kexx103iii.htm', '/Archives/edgar/data/73124/000007312423000049/a202210-kexx103iii.htm')",EX-10.3III,13894
"('a202210-kexx103iii.htm', '/Archives/edgar/data/73124/000007312423000049/a202210-kexx103iii.htm')",EX-10.3III,13894
"('a202210-kexx104i.htm', '/Archives/edgar/data/73124/000007312423000049/a202210-kexx104i.htm')",EX-10.4I,19202
"('a202210-kexx104i.htm', '/Archives/edgar/data/73124/000007312423000049/a202210-kexx104i.htm')",EX-10.4I,19202
"('a202210-kexx104i.htm', '/Archives/edgar/data/73124/000007312423000049/a202210-kexx104i.htm')",EX-10.4I,19202
"('a202210-kexx104i.htm', '/Archives/edgar/data/73124/000007312423000049/a202210-kexx104i.htm')",EX-10.4I,19202
"('a202210-kexx1019iv.htm', '/Archives/edgar/data/73124/000007312423000049/a202210-kexx1019iv.htm')",EX-10.19IV,13365
"('a202210-kexx1019iv.htm', '/Archives/edgar/data/73124/000007312423000049/a202210-kexx1019iv.htm')",EX-10.19IV,13365
"('a202210-kexx1019iv.htm', '/Archives/edgar/data/73124/000007312423000049/a202210-kexx1019iv.htm')",EX-10.19IV,13365
"('a202210-kexx1019iv.htm', '/Archives/edgar/data/73124/000007312423000049/a202210-kexx1019iv.htm')",EX-10.19IV,13365
"('a202210-kexx21.htm', '/Archives/edgar/data/73124/000007312423000049/a202210-kexx21.htm')",EX-21,93302
"('a202210-kexx21.htm', '/Archives/edgar/data/73124/000007312423000049/a202210-kexx21.htm')",EX-21,93302
"('a202210-kexx21.htm', '/Archives/edgar/data/73124/000007312423000049/a202210-kexx21.htm')",EX-21,93302
"('a202210-kexx21.htm', '/Archives/edgar/data/73124/000007312423000049/a202210-kexx21.htm')",EX-21,93302
"('a202210-kexx23.htm', '/Archives/edgar/data/73124/000007312423000049/a202210-kexx23.htm')",EX-23,2334
"('a202210-kexx23.htm', '/Archives/edgar/data/73124/000007312423000049/a202210-kexx23.htm')",EX-23,2334
"('a202210-kexx23.htm', '/Archives/edgar/data/73124/000007312423000049/a202210-kexx23.htm')",EX-23,2334
"('a202210-kexx23.htm', '/Archives/edgar/data/73124/000007312423000049/a202210-kexx23.htm')",EX-23,2334
"('a202210-kexx311.htm', '/Archives/edgar/data/73124/000007312423000049/a202210-kexx311.htm')",EX-31.1,11031
"('a202210-kexx311.htm', '/Archives/edgar/data/73124/000007312423000049/a202210-kexx311.htm')",EX-31.1,11031
"('a202210-kexx311.htm', '/Archives/edgar/data/73124/000007312423000049/a202210-kexx311.htm')",EX-31.1,11031
"('a202210-kexx311.htm', '/Archives/edgar/data/73124/000007312423000049/a202210-kexx311.htm')",EX-31.1,11031
"('a202210-kexx312.htm', '/Archives/edgar/data/73124/000007312423000049/a202210-kexx312.htm')",EX-31.2,11333
"('a202210-kexx312.htm', '/Archives/edgar/data/73124/000007312423000049/a202210-kexx312.htm')",EX-31.2,11333
"('a202210-kexx312.htm', '/Archives/edgar/data/73124/000007312423000049/a202210-kexx312.htm')",EX-31.2,11333
"('a202210-kexx312.htm', '/Archives/edgar/data/73124/000007312423000049/a202210-kexx312.htm')",EX-31.2,11333
"('a202210-kexx32.htm', '/Archives/edgar/data/73124/000007312423000049/a202210-kexx32.htm')",EX-32,7315
"('a202210-kexx32.htm', '/Archives/edgar/data/73124/000007312423000049/a202210-kexx32.htm')",EX-32,7315
"('a202210-kexx32.htm', '/Archives/edgar/data/73124/000007312423000049/a202210-kexx32.htm')",EX-32,7315
"('a202210-kexx32.htm', '/Archives/edgar/data/73124/000007312423000049/a202210-kexx32.htm')",EX-32,7315
"('image2a.jpg', '/Archives/edgar/data/73124/000007312423000049/image2a.jpg')",GRAPHIC,4729
"('image2a.jpg', '/Archives/edgar/data/73124/000007312423000049/image2a.jpg')",GRAPHIC,4729
"('image2a.jpg', '/Archives/edgar/data/73124/000007312423000049/image2a.jpg')",GRAPHIC,4729
"('image2a.jpg', '/Archives/edgar/data/73124/000007312423000049/image2a.jpg')",GRAPHIC,4729
"('ntrs-20221231_g1.jpg', '/Archives/edgar/data/73124/000007312423000049/ntrs-20221231_g1.jpg')",GRAPHIC,113075
"('ntrs-20221231_g1.jpg', '/Archives/edgar/data/73124/000007312423000049/ntrs-20221231_g1.jpg')",GRAPHIC,113075
"('ntrs-20221231_g1.jpg', '/Archives/edgar/data/73124/000007312423000049/ntrs-20221231_g1.jpg')",GRAPHIC,113075
"('ntrs-20221231_g1.jpg', '/Archives/edgar/data/73124/000007312423000049/ntrs-20221231_g1.jpg')",GRAPHIC,113075
"('ntrs-20221231_g2.jpg', '/Archives/edgar/data/73124/000007312423000049/ntrs-20221231_g2.jpg')",GRAPHIC,4729
"('ntrs-20221231_g2.jpg', '/Archives/edgar/data/73124/000007312423000049/ntrs-20221231_g2.jpg')",GRAPHIC,4729
"('ntrs-20221231_g2.jpg', '/Archives/edgar/data/73124/000007312423000049/ntrs-20221231_g2.jpg')",GRAPHIC,4729
"('ntrs-20221231_g2.jpg', '/Archives/edgar/data/73124/000007312423000049/ntrs-20221231_g2.jpg')",GRAPHIC,4729
"('0000073124-23-000049.txt', '/Archives/edgar/data/73124/000007312423000049/0000073124-23-000049.txt')",,40954347
"('0000073124-23-000049.txt', '/Archives/edgar/data/73124/000007312423000049/0000073124-23-000049.txt')",,40954347
"('0000073124-23-000049.txt', '/Archives/edgar/data/73124/000007312423000049/0000073124-23-000049.txt')",,40954347
"('0000073124-23-000049.txt', '/Archives/edgar/data/73124/000007312423000049/0000073124-23-000049.txt')",,40954347
