text and hyperlink,form type,size
"('stt-20221231.htm', '/ix?doc=/Archives/edgar/data/93751/000009375123000489/stt-20221231.htm')",10-K,9782265
"('stt-20221231.htm', '/ix?doc=/Archives/edgar/data/93751/000009375123000489/stt-20221231.htm')",10-K,9782265
"('stt-20221231.htm', '/ix?doc=/Archives/edgar/data/93751/000009375123000489/stt-20221231.htm')",10-K,9782265
"('stt-20221231.htm', '/ix?doc=/Archives/edgar/data/93751/000009375123000489/stt-20221231.htm')",10-K,9782265
"('exhibit1017-2022incentiv.htm', '/Archives/edgar/data/93751/000009375123000489/exhibit1017-2022incentiv.htm')",EX-10.17,14321
"('exhibit1017-2022incentiv.htm', '/Archives/edgar/data/93751/000009375123000489/exhibit1017-2022incentiv.htm')",EX-10.17,14321
"('exhibit1017-2022incentiv.htm', '/Archives/edgar/data/93751/000009375123000489/exhibit1017-2022incentiv.htm')",EX-10.17,14321
"('exhibit1017-2022incentiv.htm', '/Archives/edgar/data/93751/000009375123000489/exhibit1017-2022incentiv.htm')",EX-10.17,14321
"('exhibit21-december312022.htm', '/Archives/edgar/data/93751/000009375123000489/exhibit21-december312022.htm')",EX-21,16466
"('exhibit21-december312022.htm', '/Archives/edgar/data/93751/000009375123000489/exhibit21-december312022.htm')",EX-21,16466
"('exhibit21-december312022.htm', '/Archives/edgar/data/93751/000009375123000489/exhibit21-december312022.htm')",EX-21,16466
"('exhibit21-december312022.htm', '/Archives/edgar/data/93751/000009375123000489/exhibit21-december312022.htm')",EX-21,16466
"('exhibit23consentletterofey.htm', '/Archives/edgar/data/93751/000009375123000489/exhibit23consentletterofey.htm')",EX-23,12848
"('exhibit23consentletterofey.htm', '/Archives/edgar/data/93751/000009375123000489/exhibit23consentletterofey.htm')",EX-23,12848
"('exhibit23consentletterofey.htm', '/Archives/edgar/data/93751/000009375123000489/exhibit23consentletterofey.htm')",EX-23,12848
"('exhibit23consentletterofey.htm', '/Archives/edgar/data/93751/000009375123000489/exhibit23consentletterofey.htm')",EX-23,12848
"('exhibit311-december312022.htm', '/Archives/edgar/data/93751/000009375123000489/exhibit311-december312022.htm')",EX-31.1,10849
"('exhibit311-december312022.htm', '/Archives/edgar/data/93751/000009375123000489/exhibit311-december312022.htm')",EX-31.1,10849
"('exhibit311-december312022.htm', '/Archives/edgar/data/93751/000009375123000489/exhibit311-december312022.htm')",EX-31.1,10849
"('exhibit311-december312022.htm', '/Archives/edgar/data/93751/000009375123000489/exhibit311-december312022.htm')",EX-31.1,10849
"('exhibit312-december312022.htm', '/Archives/edgar/data/93751/000009375123000489/exhibit312-december312022.htm')",EX-31.2,11075
"('exhibit312-december312022.htm', '/Archives/edgar/data/93751/000009375123000489/exhibit312-december312022.htm')",EX-31.2,11075
"('exhibit312-december312022.htm', '/Archives/edgar/data/93751/000009375123000489/exhibit312-december312022.htm')",EX-31.2,11075
"('exhibit312-december312022.htm', '/Archives/edgar/data/93751/000009375123000489/exhibit312-december312022.htm')",EX-31.2,11075
"('exhibit32-december312022.htm', '/Archives/edgar/data/93751/000009375123000489/exhibit32-december312022.htm')",EX-32,8716
"('exhibit32-december312022.htm', '/Archives/edgar/data/93751/000009375123000489/exhibit32-december312022.htm')",EX-32,8716
"('exhibit32-december312022.htm', '/Archives/edgar/data/93751/000009375123000489/exhibit32-december312022.htm')",EX-32,8716
"('exhibit32-december312022.htm', '/Archives/edgar/data/93751/000009375123000489/exhibit32-december312022.htm')",EX-32,8716
"('exhibit1017-2022incentiv001.jpg', '/Archives/edgar/data/93751/000009375123000489/exhibit1017-2022incentiv001.jpg')",GRAPHIC,279314
"('exhibit1017-2022incentiv001.jpg', '/Archives/edgar/data/93751/000009375123000489/exhibit1017-2022incentiv001.jpg')",GRAPHIC,279314
"('exhibit1017-2022incentiv001.jpg', '/Archives/edgar/data/93751/000009375123000489/exhibit1017-2022incentiv001.jpg')",GRAPHIC,279314
"('exhibit1017-2022incentiv001.jpg', '/Archives/edgar/data/93751/000009375123000489/exhibit1017-2022incentiv001.jpg')",GRAPHIC,279314
"('exhibit1017-2022incentiv002.jpg', '/Archives/edgar/data/93751/000009375123000489/exhibit1017-2022incentiv002.jpg')",GRAPHIC,285057
"('exhibit1017-2022incentiv002.jpg', '/Archives/edgar/data/93751/000009375123000489/exhibit1017-2022incentiv002.jpg')",GRAPHIC,285057
"('exhibit1017-2022incentiv002.jpg', '/Archives/edgar/data/93751/000009375123000489/exhibit1017-2022incentiv002.jpg')",GRAPHIC,285057
"('exhibit1017-2022incentiv002.jpg', '/Archives/edgar/data/93751/000009375123000489/exhibit1017-2022incentiv002.jpg')",GRAPHIC,285057
"('exhibit1017-2022incentiv003.jpg', '/Archives/edgar/data/93751/000009375123000489/exhibit1017-2022incentiv003.jpg')",GRAPHIC,287913
"('exhibit1017-2022incentiv003.jpg', '/Archives/edgar/data/93751/000009375123000489/exhibit1017-2022incentiv003.jpg')",GRAPHIC,287913
"('exhibit1017-2022incentiv003.jpg', '/Archives/edgar/data/93751/000009375123000489/exhibit1017-2022incentiv003.jpg')",GRAPHIC,287913
"('exhibit1017-2022incentiv003.jpg', '/Archives/edgar/data/93751/000009375123000489/exhibit1017-2022incentiv003.jpg')",GRAPHIC,287913
"('exhibit1017-2022incentiv004.jpg', '/Archives/edgar/data/93751/000009375123000489/exhibit1017-2022incentiv004.jpg')",GRAPHIC,192251
"('exhibit1017-2022incentiv004.jpg', '/Archives/edgar/data/93751/000009375123000489/exhibit1017-2022incentiv004.jpg')",GRAPHIC,192251
"('exhibit1017-2022incentiv004.jpg', '/Archives/edgar/data/93751/000009375123000489/exhibit1017-2022incentiv004.jpg')",GRAPHIC,192251
"('exhibit1017-2022incentiv004.jpg', '/Archives/edgar/data/93751/000009375123000489/exhibit1017-2022incentiv004.jpg')",GRAPHIC,192251
"('stt-20221231_g1.jpg', '/Archives/edgar/data/93751/000009375123000489/stt-20221231_g1.jpg')",GRAPHIC,91841
"('stt-20221231_g1.jpg', '/Archives/edgar/data/93751/000009375123000489/stt-20221231_g1.jpg')",GRAPHIC,91841
"('stt-20221231_g1.jpg', '/Archives/edgar/data/93751/000009375123000489/stt-20221231_g1.jpg')",GRAPHIC,91841
"('stt-20221231_g1.jpg', '/Archives/edgar/data/93751/000009375123000489/stt-20221231_g1.jpg')",GRAPHIC,91841
"('0000093751-23-000489.txt', '/Archives/edgar/data/93751/000009375123000489/0000093751-23-000489.txt')",,39263645
"('0000093751-23-000489.txt', '/Archives/edgar/data/93751/000009375123000489/0000093751-23-000489.txt')",,39263645
"('0000093751-23-000489.txt', '/Archives/edgar/data/93751/000009375123000489/0000093751-23-000489.txt')",,39263645
"('0000093751-23-000489.txt', '/Archives/edgar/data/93751/000009375123000489/0000093751-23-000489.txt')",,39263645
