text and hyperlink,form type,size
"('bk-20221231.htm', '/ix?doc=/Archives/edgar/data/1390777/000139077723000033/bk-20221231.htm')",10-K,1541912
"('bk-20221231.htm', '/ix?doc=/Archives/edgar/data/1390777/000139077723000033/bk-20221231.htm')",10-K,1541912
"('bk-20221231.htm', '/ix?doc=/Archives/edgar/data/1390777/000139077723000033/bk-20221231.htm')",10-K,1541912
"('bk-20221231.htm', '/ix?doc=/Archives/edgar/data/1390777/000139077723000033/bk-20221231.htm')",10-K,1541912
"('form10-k_ex1042x4q22.htm', '/Archives/edgar/data/1390777/000139077723000033/form10-k_ex1042x4q22.htm')",EX-10.42,6659
"('form10-k_ex1042x4q22.htm', '/Archives/edgar/data/1390777/000139077723000033/form10-k_ex1042x4q22.htm')",EX-10.42,6659
"('form10-k_ex1042x4q22.htm', '/Archives/edgar/data/1390777/000139077723000033/form10-k_ex1042x4q22.htm')",EX-10.42,6659
"('form10-k_ex1042x4q22.htm', '/Archives/edgar/data/1390777/000139077723000033/form10-k_ex1042x4q22.htm')",EX-10.42,6659
"('form10-k_ex1043x4q22.htm', '/Archives/edgar/data/1390777/000139077723000033/form10-k_ex1043x4q22.htm')",EX-10.43,100988
"('form10-k_ex1043x4q22.htm', '/Archives/edgar/data/1390777/000139077723000033/form10-k_ex1043x4q22.htm')",EX-10.43,100988
"('form10-k_ex1043x4q22.htm', '/Archives/edgar/data/1390777/000139077723000033/form10-k_ex1043x4q22.htm')",EX-10.43,100988
"('form10-k_ex1043x4q22.htm', '/Archives/edgar/data/1390777/000139077723000033/form10-k_ex1043x4q22.htm')",EX-10.43,100988
"('form10-k_ex1044x4q22.htm', '/Archives/edgar/data/1390777/000139077723000033/form10-k_ex1044x4q22.htm')",EX-10.44,99712
"('form10-k_ex1044x4q22.htm', '/Archives/edgar/data/1390777/000139077723000033/form10-k_ex1044x4q22.htm')",EX-10.44,99712
"('form10-k_ex1044x4q22.htm', '/Archives/edgar/data/1390777/000139077723000033/form10-k_ex1044x4q22.htm')",EX-10.44,99712
"('form10-k_ex1044x4q22.htm', '/Archives/edgar/data/1390777/000139077723000033/form10-k_ex1044x4q22.htm')",EX-10.44,99712
"('bk-20221231_d2.htm', '/ix?doc=/Archives/edgar/data/1390777/000139077723000033/bk-20221231_d2.htm')",EX-13.1,10198807
"('bk-20221231_d2.htm', '/ix?doc=/Archives/edgar/data/1390777/000139077723000033/bk-20221231_d2.htm')",EX-13.1,10198807
"('bk-20221231_d2.htm', '/ix?doc=/Archives/edgar/data/1390777/000139077723000033/bk-20221231_d2.htm')",EX-13.1,10198807
"('bk-20221231_d2.htm', '/ix?doc=/Archives/edgar/data/1390777/000139077723000033/bk-20221231_d2.htm')",EX-13.1,10198807
"('form10-k_ex211x4q22.htm', '/Archives/edgar/data/1390777/000139077723000033/form10-k_ex211x4q22.htm')",EX-21.1,15361
"('form10-k_ex211x4q22.htm', '/Archives/edgar/data/1390777/000139077723000033/form10-k_ex211x4q22.htm')",EX-21.1,15361
"('form10-k_ex211x4q22.htm', '/Archives/edgar/data/1390777/000139077723000033/form10-k_ex211x4q22.htm')",EX-21.1,15361
"('form10-k_ex211x4q22.htm', '/Archives/edgar/data/1390777/000139077723000033/form10-k_ex211x4q22.htm')",EX-21.1,15361
"('form10-k_ex231x4q22.htm', '/Archives/edgar/data/1390777/000139077723000033/form10-k_ex231x4q22.htm')",EX-23.1,12418
"('form10-k_ex231x4q22.htm', '/Archives/edgar/data/1390777/000139077723000033/form10-k_ex231x4q22.htm')",EX-23.1,12418
"('form10-k_ex231x4q22.htm', '/Archives/edgar/data/1390777/000139077723000033/form10-k_ex231x4q22.htm')",EX-23.1,12418
"('form10-k_ex231x4q22.htm', '/Archives/edgar/data/1390777/000139077723000033/form10-k_ex231x4q22.htm')",EX-23.1,12418
"('form10-k_ex241x4q22.htm', '/Archives/edgar/data/1390777/000139077723000033/form10-k_ex241x4q22.htm')",EX-24.1,11246
"('form10-k_ex241x4q22.htm', '/Archives/edgar/data/1390777/000139077723000033/form10-k_ex241x4q22.htm')",EX-24.1,11246
"('form10-k_ex241x4q22.htm', '/Archives/edgar/data/1390777/000139077723000033/form10-k_ex241x4q22.htm')",EX-24.1,11246
"('form10-k_ex241x4q22.htm', '/Archives/edgar/data/1390777/000139077723000033/form10-k_ex241x4q22.htm')",EX-24.1,11246
"('form10-k_ex311x4q22.htm', '/Archives/edgar/data/1390777/000139077723000033/form10-k_ex311x4q22.htm')",EX-31.1,9758
"('form10-k_ex311x4q22.htm', '/Archives/edgar/data/1390777/000139077723000033/form10-k_ex311x4q22.htm')",EX-31.1,9758
"('form10-k_ex311x4q22.htm', '/Archives/edgar/data/1390777/000139077723000033/form10-k_ex311x4q22.htm')",EX-31.1,9758
"('form10-k_ex311x4q22.htm', '/Archives/edgar/data/1390777/000139077723000033/form10-k_ex311x4q22.htm')",EX-31.1,9758
"('form10-k_ex312x4q22.htm', '/Archives/edgar/data/1390777/000139077723000033/form10-k_ex312x4q22.htm')",EX-31.2,9771
"('form10-k_ex312x4q22.htm', '/Archives/edgar/data/1390777/000139077723000033/form10-k_ex312x4q22.htm')",EX-31.2,9771
"('form10-k_ex312x4q22.htm', '/Archives/edgar/data/1390777/000139077723000033/form10-k_ex312x4q22.htm')",EX-31.2,9771
"('form10-k_ex312x4q22.htm', '/Archives/edgar/data/1390777/000139077723000033/form10-k_ex312x4q22.htm')",EX-31.2,9771
"('form10-k_ex321x4q22.htm', '/Archives/edgar/data/1390777/000139077723000033/form10-k_ex321x4q22.htm')",EX-32.1,4554
"('form10-k_ex321x4q22.htm', '/Archives/edgar/data/1390777/000139077723000033/form10-k_ex321x4q22.htm')",EX-32.1,4554
"('form10-k_ex321x4q22.htm', '/Archives/edgar/data/1390777/000139077723000033/form10-k_ex321x4q22.htm')",EX-32.1,4554
"('form10-k_ex321x4q22.htm', '/Archives/edgar/data/1390777/000139077723000033/form10-k_ex321x4q22.htm')",EX-32.1,4554
"('form10-k_ex322x4q22.htm', '/Archives/edgar/data/1390777/000139077723000033/form10-k_ex322x4q22.htm')",EX-32.2,4592
"('form10-k_ex322x4q22.htm', '/Archives/edgar/data/1390777/000139077723000033/form10-k_ex322x4q22.htm')",EX-32.2,4592
"('form10-k_ex322x4q22.htm', '/Archives/edgar/data/1390777/000139077723000033/form10-k_ex322x4q22.htm')",EX-32.2,4592
"('form10-k_ex322x4q22.htm', '/Archives/edgar/data/1390777/000139077723000033/form10-k_ex322x4q22.htm')",EX-32.2,4592
"('bk-20221231_g1.jpg', '/Archives/edgar/data/1390777/000139077723000033/bk-20221231_g1.jpg')",GRAPHIC,100358
"('bk-20221231_g1.jpg', '/Archives/edgar/data/1390777/000139077723000033/bk-20221231_g1.jpg')",GRAPHIC,100358
"('bk-20221231_g1.jpg', '/Archives/edgar/data/1390777/000139077723000033/bk-20221231_g1.jpg')",GRAPHIC,100358
"('bk-20221231_g1.jpg', '/Archives/edgar/data/1390777/000139077723000033/bk-20221231_g1.jpg')",GRAPHIC,100358
"('image_0.jpg', '/Archives/edgar/data/1390777/000139077723000033/image_0.jpg')",GRAPHIC,12693
"('image_0.jpg', '/Archives/edgar/data/1390777/000139077723000033/image_0.jpg')",GRAPHIC,12693
"('image_0.jpg', '/Archives/edgar/data/1390777/000139077723000033/image_0.jpg')",GRAPHIC,12693
"('image_0.jpg', '/Archives/edgar/data/1390777/000139077723000033/image_0.jpg')",GRAPHIC,12693
"('0001390777-23-000033.txt', '/Archives/edgar/data/1390777/000139077723000033/0001390777-23-000033.txt')",,47055818
"('0001390777-23-000033.txt', '/Archives/edgar/data/1390777/000139077723000033/0001390777-23-000033.txt')",,47055818
"('0001390777-23-000033.txt', '/Archives/edgar/data/1390777/000139077723000033/0001390777-23-000033.txt')",,47055818
"('0001390777-23-000033.txt', '/Archives/edgar/data/1390777/000139077723000033/0001390777-23-000033.txt')",,47055818
