text and hyperlink,form type,size
"('fitb-20221231.htm', '/ix?doc=/Archives/edgar/data/35527/000003552723000122/fitb-20221231.htm')",10-K,11322049
"('fitb-20221231.htm', '/ix?doc=/Archives/edgar/data/35527/000003552723000122/fitb-20221231.htm')",10-K,11322049
"('fitb-20221231.htm', '/ix?doc=/Archives/edgar/data/35527/000003552723000122/fitb-20221231.htm')",10-K,11322049
"('fitb-20221231.htm', '/ix?doc=/Archives/edgar/data/35527/000003552723000122/fitb-20221231.htm')",10-K,11322049
"('fitb-12312022xexx1066.htm', '/Archives/edgar/data/35527/000003552723000122/fitb-12312022xexx1066.htm')",EX-10.66,154340
"('fitb-12312022xexx1066.htm', '/Archives/edgar/data/35527/000003552723000122/fitb-12312022xexx1066.htm')",EX-10.66,154340
"('fitb-12312022xexx1066.htm', '/Archives/edgar/data/35527/000003552723000122/fitb-12312022xexx1066.htm')",EX-10.66,154340
"('fitb-12312022xexx1066.htm', '/Archives/edgar/data/35527/000003552723000122/fitb-12312022xexx1066.htm')",EX-10.66,154340
"('fitb-12312022xexx1067.htm', '/Archives/edgar/data/35527/000003552723000122/fitb-12312022xexx1067.htm')",EX-10.67,44152
"('fitb-12312022xexx1067.htm', '/Archives/edgar/data/35527/000003552723000122/fitb-12312022xexx1067.htm')",EX-10.67,44152
"('fitb-12312022xexx1067.htm', '/Archives/edgar/data/35527/000003552723000122/fitb-12312022xexx1067.htm')",EX-10.67,44152
"('fitb-12312022xexx1067.htm', '/Archives/edgar/data/35527/000003552723000122/fitb-12312022xexx1067.htm')",EX-10.67,44152
"('fitb-12312022xexx1068.htm', '/Archives/edgar/data/35527/000003552723000122/fitb-12312022xexx1068.htm')",EX-10.68,45547
"('fitb-12312022xexx1068.htm', '/Archives/edgar/data/35527/000003552723000122/fitb-12312022xexx1068.htm')",EX-10.68,45547
"('fitb-12312022xexx1068.htm', '/Archives/edgar/data/35527/000003552723000122/fitb-12312022xexx1068.htm')",EX-10.68,45547
"('fitb-12312022xexx1068.htm', '/Archives/edgar/data/35527/000003552723000122/fitb-12312022xexx1068.htm')",EX-10.68,45547
"('fitb-12312022xexx1069.htm', '/Archives/edgar/data/35527/000003552723000122/fitb-12312022xexx1069.htm')",EX-10.69,46008
"('fitb-12312022xexx1069.htm', '/Archives/edgar/data/35527/000003552723000122/fitb-12312022xexx1069.htm')",EX-10.69,46008
"('fitb-12312022xexx1069.htm', '/Archives/edgar/data/35527/000003552723000122/fitb-12312022xexx1069.htm')",EX-10.69,46008
"('fitb-12312022xexx1069.htm', '/Archives/edgar/data/35527/000003552723000122/fitb-12312022xexx1069.htm')",EX-10.69,46008
"('fitb-12312022xexx1072.htm', '/Archives/edgar/data/35527/000003552723000122/fitb-12312022xexx1072.htm')",EX-10.72,30236
"('fitb-12312022xexx1072.htm', '/Archives/edgar/data/35527/000003552723000122/fitb-12312022xexx1072.htm')",EX-10.72,30236
"('fitb-12312022xexx1072.htm', '/Archives/edgar/data/35527/000003552723000122/fitb-12312022xexx1072.htm')",EX-10.72,30236
"('fitb-12312022xexx1072.htm', '/Archives/edgar/data/35527/000003552723000122/fitb-12312022xexx1072.htm')",EX-10.72,30236
"('fitb-12312022xexx1073.htm', '/Archives/edgar/data/35527/000003552723000122/fitb-12312022xexx1073.htm')",EX-10.73,29973
"('fitb-12312022xexx1073.htm', '/Archives/edgar/data/35527/000003552723000122/fitb-12312022xexx1073.htm')",EX-10.73,29973
"('fitb-12312022xexx1073.htm', '/Archives/edgar/data/35527/000003552723000122/fitb-12312022xexx1073.htm')",EX-10.73,29973
"('fitb-12312022xexx1073.htm', '/Archives/edgar/data/35527/000003552723000122/fitb-12312022xexx1073.htm')",EX-10.73,29973
"('fitb-12312022xexx21.htm', '/Archives/edgar/data/35527/000003552723000122/fitb-12312022xexx21.htm')",EX-21,87888
"('fitb-12312022xexx21.htm', '/Archives/edgar/data/35527/000003552723000122/fitb-12312022xexx21.htm')",EX-21,87888
"('fitb-12312022xexx21.htm', '/Archives/edgar/data/35527/000003552723000122/fitb-12312022xexx21.htm')",EX-21,87888
"('fitb-12312022xexx21.htm', '/Archives/edgar/data/35527/000003552723000122/fitb-12312022xexx21.htm')",EX-21,87888
"('fitb-12312022xexx23.htm', '/Archives/edgar/data/35527/000003552723000122/fitb-12312022xexx23.htm')",EX-23,12496
"('fitb-12312022xexx23.htm', '/Archives/edgar/data/35527/000003552723000122/fitb-12312022xexx23.htm')",EX-23,12496
"('fitb-12312022xexx23.htm', '/Archives/edgar/data/35527/000003552723000122/fitb-12312022xexx23.htm')",EX-23,12496
"('fitb-12312022xexx23.htm', '/Archives/edgar/data/35527/000003552723000122/fitb-12312022xexx23.htm')",EX-23,12496
"('fitb-12312022xexx31i.htm', '/Archives/edgar/data/35527/000003552723000122/fitb-12312022xexx31i.htm')",EX-31.I,10167
"('fitb-12312022xexx31i.htm', '/Archives/edgar/data/35527/000003552723000122/fitb-12312022xexx31i.htm')",EX-31.I,10167
"('fitb-12312022xexx31i.htm', '/Archives/edgar/data/35527/000003552723000122/fitb-12312022xexx31i.htm')",EX-31.I,10167
"('fitb-12312022xexx31i.htm', '/Archives/edgar/data/35527/000003552723000122/fitb-12312022xexx31i.htm')",EX-31.I,10167
"('fitb-12312022xexx31ii.htm', '/Archives/edgar/data/35527/000003552723000122/fitb-12312022xexx31ii.htm')",EX-31.II,10183
"('fitb-12312022xexx31ii.htm', '/Archives/edgar/data/35527/000003552723000122/fitb-12312022xexx31ii.htm')",EX-31.II,10183
"('fitb-12312022xexx31ii.htm', '/Archives/edgar/data/35527/000003552723000122/fitb-12312022xexx31ii.htm')",EX-31.II,10183
"('fitb-12312022xexx31ii.htm', '/Archives/edgar/data/35527/000003552723000122/fitb-12312022xexx31ii.htm')",EX-31.II,10183
"('fitb-12312022xexx32i.htm', '/Archives/edgar/data/35527/000003552723000122/fitb-12312022xexx32i.htm')",EX-32.I,4671
"('fitb-12312022xexx32i.htm', '/Archives/edgar/data/35527/000003552723000122/fitb-12312022xexx32i.htm')",EX-32.I,4671
"('fitb-12312022xexx32i.htm', '/Archives/edgar/data/35527/000003552723000122/fitb-12312022xexx32i.htm')",EX-32.I,4671
"('fitb-12312022xexx32i.htm', '/Archives/edgar/data/35527/000003552723000122/fitb-12312022xexx32i.htm')",EX-32.I,4671
"('fitb-12312022xexx32ii.htm', '/Archives/edgar/data/35527/000003552723000122/fitb-12312022xexx32ii.htm')",EX-32.II,4676
"('fitb-12312022xexx32ii.htm', '/Archives/edgar/data/35527/000003552723000122/fitb-12312022xexx32ii.htm')",EX-32.II,4676
"('fitb-12312022xexx32ii.htm', '/Archives/edgar/data/35527/000003552723000122/fitb-12312022xexx32ii.htm')",EX-32.II,4676
"('fitb-12312022xexx32ii.htm', '/Archives/edgar/data/35527/000003552723000122/fitb-12312022xexx32ii.htm')",EX-32.II,4676
"('fitb-20221231_g1.jpg', '/Archives/edgar/data/35527/000003552723000122/fitb-20221231_g1.jpg')",GRAPHIC,1168425
"('fitb-20221231_g1.jpg', '/Archives/edgar/data/35527/000003552723000122/fitb-20221231_g1.jpg')",GRAPHIC,1168425
"('fitb-20221231_g1.jpg', '/Archives/edgar/data/35527/000003552723000122/fitb-20221231_g1.jpg')",GRAPHIC,1168425
"('fitb-20221231_g1.jpg', '/Archives/edgar/data/35527/000003552723000122/fitb-20221231_g1.jpg')",GRAPHIC,1168425
"('fitb-20221231_g2.jpg', '/Archives/edgar/data/35527/000003552723000122/fitb-20221231_g2.jpg')",GRAPHIC,98178
"('fitb-20221231_g2.jpg', '/Archives/edgar/data/35527/000003552723000122/fitb-20221231_g2.jpg')",GRAPHIC,98178
"('fitb-20221231_g2.jpg', '/Archives/edgar/data/35527/000003552723000122/fitb-20221231_g2.jpg')",GRAPHIC,98178
"('fitb-20221231_g2.jpg', '/Archives/edgar/data/35527/000003552723000122/fitb-20221231_g2.jpg')",GRAPHIC,98178
"('fitb-20221231_g3.jpg', '/Archives/edgar/data/35527/000003552723000122/fitb-20221231_g3.jpg')",GRAPHIC,105595
"('fitb-20221231_g3.jpg', '/Archives/edgar/data/35527/000003552723000122/fitb-20221231_g3.jpg')",GRAPHIC,105595
"('fitb-20221231_g3.jpg', '/Archives/edgar/data/35527/000003552723000122/fitb-20221231_g3.jpg')",GRAPHIC,105595
"('fitb-20221231_g3.jpg', '/Archives/edgar/data/35527/000003552723000122/fitb-20221231_g3.jpg')",GRAPHIC,105595
"('image_0.jpg', '/Archives/edgar/data/35527/000003552723000122/image_0.jpg')",GRAPHIC,15713
"('image_0.jpg', '/Archives/edgar/data/35527/000003552723000122/image_0.jpg')",GRAPHIC,15713
"('image_0.jpg', '/Archives/edgar/data/35527/000003552723000122/image_0.jpg')",GRAPHIC,15713
"('image_0.jpg', '/Archives/edgar/data/35527/000003552723000122/image_0.jpg')",GRAPHIC,15713
"('image_01.jpg', '/Archives/edgar/data/35527/000003552723000122/image_01.jpg')",GRAPHIC,5628
"('image_01.jpg', '/Archives/edgar/data/35527/000003552723000122/image_01.jpg')",GRAPHIC,5628
"('image_01.jpg', '/Archives/edgar/data/35527/000003552723000122/image_01.jpg')",GRAPHIC,5628
"('image_01.jpg', '/Archives/edgar/data/35527/000003552723000122/image_01.jpg')",GRAPHIC,5628
"('image_0b.jpg', '/Archives/edgar/data/35527/000003552723000122/image_0b.jpg')",GRAPHIC,15713
"('image_0b.jpg', '/Archives/edgar/data/35527/000003552723000122/image_0b.jpg')",GRAPHIC,15713
"('image_0b.jpg', '/Archives/edgar/data/35527/000003552723000122/image_0b.jpg')",GRAPHIC,15713
"('image_0b.jpg', '/Archives/edgar/data/35527/000003552723000122/image_0b.jpg')",GRAPHIC,15713
"('image_0c.jpg', '/Archives/edgar/data/35527/000003552723000122/image_0c.jpg')",GRAPHIC,15713
"('image_0c.jpg', '/Archives/edgar/data/35527/000003552723000122/image_0c.jpg')",GRAPHIC,15713
"('image_0c.jpg', '/Archives/edgar/data/35527/000003552723000122/image_0c.jpg')",GRAPHIC,15713
"('image_0c.jpg', '/Archives/edgar/data/35527/000003552723000122/image_0c.jpg')",GRAPHIC,15713
"('image_1.jpg', '/Archives/edgar/data/35527/000003552723000122/image_1.jpg')",GRAPHIC,16766
"('image_1.jpg', '/Archives/edgar/data/35527/000003552723000122/image_1.jpg')",GRAPHIC,16766
"('image_1.jpg', '/Archives/edgar/data/35527/000003552723000122/image_1.jpg')",GRAPHIC,16766
"('image_1.jpg', '/Archives/edgar/data/35527/000003552723000122/image_1.jpg')",GRAPHIC,16766
"('image_5a.jpg', '/Archives/edgar/data/35527/000003552723000122/image_5a.jpg')",GRAPHIC,2698
"('image_5a.jpg', '/Archives/edgar/data/35527/000003552723000122/image_5a.jpg')",GRAPHIC,2698
"('image_5a.jpg', '/Archives/edgar/data/35527/000003552723000122/image_5a.jpg')",GRAPHIC,2698
"('image_5a.jpg', '/Archives/edgar/data/35527/000003552723000122/image_5a.jpg')",GRAPHIC,2698
"('image_5b.jpg', '/Archives/edgar/data/35527/000003552723000122/image_5b.jpg')",GRAPHIC,2698
"('image_5b.jpg', '/Archives/edgar/data/35527/000003552723000122/image_5b.jpg')",GRAPHIC,2698
"('image_5b.jpg', '/Archives/edgar/data/35527/000003552723000122/image_5b.jpg')",GRAPHIC,2698
"('image_5b.jpg', '/Archives/edgar/data/35527/000003552723000122/image_5b.jpg')",GRAPHIC,2698
"('image_8a.jpg', '/Archives/edgar/data/35527/000003552723000122/image_8a.jpg')",GRAPHIC,2698
"('image_8a.jpg', '/Archives/edgar/data/35527/000003552723000122/image_8a.jpg')",GRAPHIC,2698
"('image_8a.jpg', '/Archives/edgar/data/35527/000003552723000122/image_8a.jpg')",GRAPHIC,2698
"('image_8a.jpg', '/Archives/edgar/data/35527/000003552723000122/image_8a.jpg')",GRAPHIC,2698
"('fitbannualreport202210-k.pdf', '/Archives/edgar/data/35527/000003552723000122/fitbannualreport202210-k.pdf')",10-K,13951093
"('fitbannualreport202210-k.pdf', '/Archives/edgar/data/35527/000003552723000122/fitbannualreport202210-k.pdf')",10-K,13951093
"('fitbannualreport202210-k.pdf', '/Archives/edgar/data/35527/000003552723000122/fitbannualreport202210-k.pdf')",10-K,13951093
"('fitbannualreport202210-k.pdf', '/Archives/edgar/data/35527/000003552723000122/fitbannualreport202210-k.pdf')",10-K,13951093
"('0000035527-23-000122.txt', '/Archives/edgar/data/35527/000003552723000122/0000035527-23-000122.txt')",,70083139
"('0000035527-23-000122.txt', '/Archives/edgar/data/35527/000003552723000122/0000035527-23-000122.txt')",,70083139
"('0000035527-23-000122.txt', '/Archives/edgar/data/35527/000003552723000122/0000035527-23-000122.txt')",,70083139
"('0000035527-23-000122.txt', '/Archives/edgar/data/35527/000003552723000122/0000035527-23-000122.txt')",,70083139
