text and hyperlink,form type,size
"('jpm-20221231.htm', '/ix?doc=/Archives/edgar/data/19617/000001961723000231/jpm-20221231.htm')",10-K,15882897
"('jpm-20221231.htm', '/ix?doc=/Archives/edgar/data/19617/000001961723000231/jpm-20221231.htm')",10-K,15882897
"('jpm-20221231.htm', '/ix?doc=/Archives/edgar/data/19617/000001961723000231/jpm-20221231.htm')",10-K,15882897
"('jpm-20221231.htm', '/ix?doc=/Archives/edgar/data/19617/000001961723000231/jpm-20221231.htm')",10-K,15882897
"('corp10k2022exhibit46.htm', '/Archives/edgar/data/19617/000001961723000231/corp10k2022exhibit46.htm')",EX-4.6,254290
"('corp10k2022exhibit46.htm', '/Archives/edgar/data/19617/000001961723000231/corp10k2022exhibit46.htm')",EX-4.6,254290
"('corp10k2022exhibit46.htm', '/Archives/edgar/data/19617/000001961723000231/corp10k2022exhibit46.htm')",EX-4.6,254290
"('corp10k2022exhibit46.htm', '/Archives/edgar/data/19617/000001961723000231/corp10k2022exhibit46.htm')",EX-4.6,254290
"('corp10k2022exhibit1018.htm', '/Archives/edgar/data/19617/000001961723000231/corp10k2022exhibit1018.htm')",EX-10.18,564809
"('corp10k2022exhibit1018.htm', '/Archives/edgar/data/19617/000001961723000231/corp10k2022exhibit1018.htm')",EX-10.18,564809
"('corp10k2022exhibit1018.htm', '/Archives/edgar/data/19617/000001961723000231/corp10k2022exhibit1018.htm')",EX-10.18,564809
"('corp10k2022exhibit1018.htm', '/Archives/edgar/data/19617/000001961723000231/corp10k2022exhibit1018.htm')",EX-10.18,564809
"('corp10k2022exhibit21.htm', '/Archives/edgar/data/19617/000001961723000231/corp10k2022exhibit21.htm')",EX-21,12205
"('corp10k2022exhibit21.htm', '/Archives/edgar/data/19617/000001961723000231/corp10k2022exhibit21.htm')",EX-21,12205
"('corp10k2022exhibit21.htm', '/Archives/edgar/data/19617/000001961723000231/corp10k2022exhibit21.htm')",EX-21,12205
"('corp10k2022exhibit21.htm', '/Archives/edgar/data/19617/000001961723000231/corp10k2022exhibit21.htm')",EX-21,12205
"('corp10k2022exhibit222.htm', '/Archives/edgar/data/19617/000001961723000231/corp10k2022exhibit222.htm')",EX-22.2,3560
"('corp10k2022exhibit222.htm', '/Archives/edgar/data/19617/000001961723000231/corp10k2022exhibit222.htm')",EX-22.2,3560
"('corp10k2022exhibit222.htm', '/Archives/edgar/data/19617/000001961723000231/corp10k2022exhibit222.htm')",EX-22.2,3560
"('corp10k2022exhibit222.htm', '/Archives/edgar/data/19617/000001961723000231/corp10k2022exhibit222.htm')",EX-22.2,3560
"('corp10k2022exhibit23.htm', '/Archives/edgar/data/19617/000001961723000231/corp10k2022exhibit23.htm')",EX-23,4467
"('corp10k2022exhibit23.htm', '/Archives/edgar/data/19617/000001961723000231/corp10k2022exhibit23.htm')",EX-23,4467
"('corp10k2022exhibit23.htm', '/Archives/edgar/data/19617/000001961723000231/corp10k2022exhibit23.htm')",EX-23,4467
"('corp10k2022exhibit23.htm', '/Archives/edgar/data/19617/000001961723000231/corp10k2022exhibit23.htm')",EX-23,4467
"('corp10k2022exhibit311.htm', '/Archives/edgar/data/19617/000001961723000231/corp10k2022exhibit311.htm')",EX-31.1,8431
"('corp10k2022exhibit311.htm', '/Archives/edgar/data/19617/000001961723000231/corp10k2022exhibit311.htm')",EX-31.1,8431
"('corp10k2022exhibit311.htm', '/Archives/edgar/data/19617/000001961723000231/corp10k2022exhibit311.htm')",EX-31.1,8431
"('corp10k2022exhibit311.htm', '/Archives/edgar/data/19617/000001961723000231/corp10k2022exhibit311.htm')",EX-31.1,8431
"('corp10k2022exhibit312.htm', '/Archives/edgar/data/19617/000001961723000231/corp10k2022exhibit312.htm')",EX-31.2,8425
"('corp10k2022exhibit312.htm', '/Archives/edgar/data/19617/000001961723000231/corp10k2022exhibit312.htm')",EX-31.2,8425
"('corp10k2022exhibit312.htm', '/Archives/edgar/data/19617/000001961723000231/corp10k2022exhibit312.htm')",EX-31.2,8425
"('corp10k2022exhibit312.htm', '/Archives/edgar/data/19617/000001961723000231/corp10k2022exhibit312.htm')",EX-31.2,8425
"('corp10k2022exhibit32.htm', '/Archives/edgar/data/19617/000001961723000231/corp10k2022exhibit32.htm')",EX-32,10011
"('corp10k2022exhibit32.htm', '/Archives/edgar/data/19617/000001961723000231/corp10k2022exhibit32.htm')",EX-32,10011
"('corp10k2022exhibit32.htm', '/Archives/edgar/data/19617/000001961723000231/corp10k2022exhibit32.htm')",EX-32,10011
"('corp10k2022exhibit32.htm', '/Archives/edgar/data/19617/000001961723000231/corp10k2022exhibit32.htm')",EX-32,10011
"('jpm-20221231_g1.jpg', '/Archives/edgar/data/19617/000001961723000231/jpm-20221231_g1.jpg')",GRAPHIC,102957
"('jpm-20221231_g1.jpg', '/Archives/edgar/data/19617/000001961723000231/jpm-20221231_g1.jpg')",GRAPHIC,102957
"('jpm-20221231_g1.jpg', '/Archives/edgar/data/19617/000001961723000231/jpm-20221231_g1.jpg')",GRAPHIC,102957
"('jpm-20221231_g1.jpg', '/Archives/edgar/data/19617/000001961723000231/jpm-20221231_g1.jpg')",GRAPHIC,102957
"('jpm-20221231_g10.jpg', '/Archives/edgar/data/19617/000001961723000231/jpm-20221231_g10.jpg')",GRAPHIC,224229
"('jpm-20221231_g10.jpg', '/Archives/edgar/data/19617/000001961723000231/jpm-20221231_g10.jpg')",GRAPHIC,224229
"('jpm-20221231_g10.jpg', '/Archives/edgar/data/19617/000001961723000231/jpm-20221231_g10.jpg')",GRAPHIC,224229
"('jpm-20221231_g10.jpg', '/Archives/edgar/data/19617/000001961723000231/jpm-20221231_g10.jpg')",GRAPHIC,224229
"('jpm-20221231_g11.jpg', '/Archives/edgar/data/19617/000001961723000231/jpm-20221231_g11.jpg')",GRAPHIC,12805
"('jpm-20221231_g11.jpg', '/Archives/edgar/data/19617/000001961723000231/jpm-20221231_g11.jpg')",GRAPHIC,12805
"('jpm-20221231_g11.jpg', '/Archives/edgar/data/19617/000001961723000231/jpm-20221231_g11.jpg')",GRAPHIC,12805
"('jpm-20221231_g11.jpg', '/Archives/edgar/data/19617/000001961723000231/jpm-20221231_g11.jpg')",GRAPHIC,12805
"('jpm-20221231_g12.jpg', '/Archives/edgar/data/19617/000001961723000231/jpm-20221231_g12.jpg')",GRAPHIC,23715
"('jpm-20221231_g12.jpg', '/Archives/edgar/data/19617/000001961723000231/jpm-20221231_g12.jpg')",GRAPHIC,23715
"('jpm-20221231_g12.jpg', '/Archives/edgar/data/19617/000001961723000231/jpm-20221231_g12.jpg')",GRAPHIC,23715
"('jpm-20221231_g12.jpg', '/Archives/edgar/data/19617/000001961723000231/jpm-20221231_g12.jpg')",GRAPHIC,23715
"('jpm-20221231_g13.jpg', '/Archives/edgar/data/19617/000001961723000231/jpm-20221231_g13.jpg')",GRAPHIC,320042
"('jpm-20221231_g13.jpg', '/Archives/edgar/data/19617/000001961723000231/jpm-20221231_g13.jpg')",GRAPHIC,320042
"('jpm-20221231_g13.jpg', '/Archives/edgar/data/19617/000001961723000231/jpm-20221231_g13.jpg')",GRAPHIC,320042
"('jpm-20221231_g13.jpg', '/Archives/edgar/data/19617/000001961723000231/jpm-20221231_g13.jpg')",GRAPHIC,320042
"('jpm-20221231_g2.jpg', '/Archives/edgar/data/19617/000001961723000231/jpm-20221231_g2.jpg')",GRAPHIC,117024
"('jpm-20221231_g2.jpg', '/Archives/edgar/data/19617/000001961723000231/jpm-20221231_g2.jpg')",GRAPHIC,117024
"('jpm-20221231_g2.jpg', '/Archives/edgar/data/19617/000001961723000231/jpm-20221231_g2.jpg')",GRAPHIC,117024
"('jpm-20221231_g2.jpg', '/Archives/edgar/data/19617/000001961723000231/jpm-20221231_g2.jpg')",GRAPHIC,117024
"('jpm-20221231_g3.jpg', '/Archives/edgar/data/19617/000001961723000231/jpm-20221231_g3.jpg')",GRAPHIC,1174028
"('jpm-20221231_g3.jpg', '/Archives/edgar/data/19617/000001961723000231/jpm-20221231_g3.jpg')",GRAPHIC,1174028
"('jpm-20221231_g3.jpg', '/Archives/edgar/data/19617/000001961723000231/jpm-20221231_g3.jpg')",GRAPHIC,1174028
"('jpm-20221231_g3.jpg', '/Archives/edgar/data/19617/000001961723000231/jpm-20221231_g3.jpg')",GRAPHIC,1174028
"('jpm-20221231_g4.jpg', '/Archives/edgar/data/19617/000001961723000231/jpm-20221231_g4.jpg')",GRAPHIC,824367
"('jpm-20221231_g4.jpg', '/Archives/edgar/data/19617/000001961723000231/jpm-20221231_g4.jpg')",GRAPHIC,824367
"('jpm-20221231_g4.jpg', '/Archives/edgar/data/19617/000001961723000231/jpm-20221231_g4.jpg')",GRAPHIC,824367
"('jpm-20221231_g4.jpg', '/Archives/edgar/data/19617/000001961723000231/jpm-20221231_g4.jpg')",GRAPHIC,824367
"('jpm-20221231_g5.jpg', '/Archives/edgar/data/19617/000001961723000231/jpm-20221231_g5.jpg')",GRAPHIC,300408
"('jpm-20221231_g5.jpg', '/Archives/edgar/data/19617/000001961723000231/jpm-20221231_g5.jpg')",GRAPHIC,300408
"('jpm-20221231_g5.jpg', '/Archives/edgar/data/19617/000001961723000231/jpm-20221231_g5.jpg')",GRAPHIC,300408
"('jpm-20221231_g5.jpg', '/Archives/edgar/data/19617/000001961723000231/jpm-20221231_g5.jpg')",GRAPHIC,300408
"('jpm-20221231_g6.jpg', '/Archives/edgar/data/19617/000001961723000231/jpm-20221231_g6.jpg')",GRAPHIC,40353
"('jpm-20221231_g6.jpg', '/Archives/edgar/data/19617/000001961723000231/jpm-20221231_g6.jpg')",GRAPHIC,40353
"('jpm-20221231_g6.jpg', '/Archives/edgar/data/19617/000001961723000231/jpm-20221231_g6.jpg')",GRAPHIC,40353
"('jpm-20221231_g6.jpg', '/Archives/edgar/data/19617/000001961723000231/jpm-20221231_g6.jpg')",GRAPHIC,40353
"('jpm-20221231_g7.jpg', '/Archives/edgar/data/19617/000001961723000231/jpm-20221231_g7.jpg')",GRAPHIC,64488
"('jpm-20221231_g7.jpg', '/Archives/edgar/data/19617/000001961723000231/jpm-20221231_g7.jpg')",GRAPHIC,64488
"('jpm-20221231_g7.jpg', '/Archives/edgar/data/19617/000001961723000231/jpm-20221231_g7.jpg')",GRAPHIC,64488
"('jpm-20221231_g7.jpg', '/Archives/edgar/data/19617/000001961723000231/jpm-20221231_g7.jpg')",GRAPHIC,64488
"('jpm-20221231_g8.jpg', '/Archives/edgar/data/19617/000001961723000231/jpm-20221231_g8.jpg')",GRAPHIC,723127
"('jpm-20221231_g8.jpg', '/Archives/edgar/data/19617/000001961723000231/jpm-20221231_g8.jpg')",GRAPHIC,723127
"('jpm-20221231_g8.jpg', '/Archives/edgar/data/19617/000001961723000231/jpm-20221231_g8.jpg')",GRAPHIC,723127
"('jpm-20221231_g8.jpg', '/Archives/edgar/data/19617/000001961723000231/jpm-20221231_g8.jpg')",GRAPHIC,723127
"('jpm-20221231_g9.jpg', '/Archives/edgar/data/19617/000001961723000231/jpm-20221231_g9.jpg')",GRAPHIC,19840
"('jpm-20221231_g9.jpg', '/Archives/edgar/data/19617/000001961723000231/jpm-20221231_g9.jpg')",GRAPHIC,19840
"('jpm-20221231_g9.jpg', '/Archives/edgar/data/19617/000001961723000231/jpm-20221231_g9.jpg')",GRAPHIC,19840
"('jpm-20221231_g9.jpg', '/Archives/edgar/data/19617/000001961723000231/jpm-20221231_g9.jpg')",GRAPHIC,19840
"('0000019617-23-000231.txt', '/Archives/edgar/data/19617/000001961723000231/0000019617-23-000231.txt')",,72224070
"('0000019617-23-000231.txt', '/Archives/edgar/data/19617/000001961723000231/0000019617-23-000231.txt')",,72224070
"('0000019617-23-000231.txt', '/Archives/edgar/data/19617/000001961723000231/0000019617-23-000231.txt')",,72224070
"('0000019617-23-000231.txt', '/Archives/edgar/data/19617/000001961723000231/0000019617-23-000231.txt')",,72224070
