text and hyperlink,form type,size
"('cof-20221231.htm', '/ix?doc=/Archives/edgar/data/927628/000092762823000117/cof-20221231.htm')",10-K,9695693
"('cof-20221231.htm', '/ix?doc=/Archives/edgar/data/927628/000092762823000117/cof-20221231.htm')",10-K,9695693
"('cof-20221231.htm', '/ix?doc=/Archives/edgar/data/927628/000092762823000117/cof-20221231.htm')",10-K,9695693
"('cof-20221231.htm', '/ix?doc=/Archives/edgar/data/927628/000092762823000117/cof-20221231.htm')",10-K,9695693
"('cof-12312022x10kxex43.htm', '/Archives/edgar/data/927628/000092762823000117/cof-12312022x10kxex43.htm')",EX-4.3,189130
"('cof-12312022x10kxex43.htm', '/Archives/edgar/data/927628/000092762823000117/cof-12312022x10kxex43.htm')",EX-4.3,189130
"('cof-12312022x10kxex43.htm', '/Archives/edgar/data/927628/000092762823000117/cof-12312022x10kxex43.htm')",EX-4.3,189130
"('cof-12312022x10kxex43.htm', '/Archives/edgar/data/927628/000092762823000117/cof-12312022x10kxex43.htm')",EX-4.3,189130
"('cof12312022-10kxex10221.htm', '/Archives/edgar/data/927628/000092762823000117/cof12312022-10kxex10221.htm')",EX-10.221,62430
"('cof12312022-10kxex10221.htm', '/Archives/edgar/data/927628/000092762823000117/cof12312022-10kxex10221.htm')",EX-10.221,62430
"('cof12312022-10kxex10221.htm', '/Archives/edgar/data/927628/000092762823000117/cof12312022-10kxex10221.htm')",EX-10.221,62430
"('cof12312022-10kxex10221.htm', '/Archives/edgar/data/927628/000092762823000117/cof12312022-10kxex10221.htm')",EX-10.221,62430
"('cof12312022-10kxex10222.htm', '/Archives/edgar/data/927628/000092762823000117/cof12312022-10kxex10222.htm')",EX-10.222,86123
"('cof12312022-10kxex10222.htm', '/Archives/edgar/data/927628/000092762823000117/cof12312022-10kxex10222.htm')",EX-10.222,86123
"('cof12312022-10kxex10222.htm', '/Archives/edgar/data/927628/000092762823000117/cof12312022-10kxex10222.htm')",EX-10.222,86123
"('cof12312022-10kxex10222.htm', '/Archives/edgar/data/927628/000092762823000117/cof12312022-10kxex10222.htm')",EX-10.222,86123
"('cof12312022-10kxex10223.htm', '/Archives/edgar/data/927628/000092762823000117/cof12312022-10kxex10223.htm')",EX-10.223,69152
"('cof12312022-10kxex10223.htm', '/Archives/edgar/data/927628/000092762823000117/cof12312022-10kxex10223.htm')",EX-10.223,69152
"('cof12312022-10kxex10223.htm', '/Archives/edgar/data/927628/000092762823000117/cof12312022-10kxex10223.htm')",EX-10.223,69152
"('cof12312022-10kxex10223.htm', '/Archives/edgar/data/927628/000092762823000117/cof12312022-10kxex10223.htm')",EX-10.223,69152
"('cof-12312022x10kxex10224.htm', '/Archives/edgar/data/927628/000092762823000117/cof-12312022x10kxex10224.htm')",EX-10.224,69710
"('cof-12312022x10kxex10224.htm', '/Archives/edgar/data/927628/000092762823000117/cof-12312022x10kxex10224.htm')",EX-10.224,69710
"('cof-12312022x10kxex10224.htm', '/Archives/edgar/data/927628/000092762823000117/cof-12312022x10kxex10224.htm')",EX-10.224,69710
"('cof-12312022x10kxex10224.htm', '/Archives/edgar/data/927628/000092762823000117/cof-12312022x10kxex10224.htm')",EX-10.224,69710
"('cof-12312022x10kxex10225.htm', '/Archives/edgar/data/927628/000092762823000117/cof-12312022x10kxex10225.htm')",EX-10.225,91445
"('cof-12312022x10kxex10225.htm', '/Archives/edgar/data/927628/000092762823000117/cof-12312022x10kxex10225.htm')",EX-10.225,91445
"('cof-12312022x10kxex10225.htm', '/Archives/edgar/data/927628/000092762823000117/cof-12312022x10kxex10225.htm')",EX-10.225,91445
"('cof-12312022x10kxex10225.htm', '/Archives/edgar/data/927628/000092762823000117/cof-12312022x10kxex10225.htm')",EX-10.225,91445
"('cof-12312022x10kxex10226.htm', '/Archives/edgar/data/927628/000092762823000117/cof-12312022x10kxex10226.htm')",EX-10.226,50999
"('cof-12312022x10kxex10226.htm', '/Archives/edgar/data/927628/000092762823000117/cof-12312022x10kxex10226.htm')",EX-10.226,50999
"('cof-12312022x10kxex10226.htm', '/Archives/edgar/data/927628/000092762823000117/cof-12312022x10kxex10226.htm')",EX-10.226,50999
"('cof-12312022x10kxex10226.htm', '/Archives/edgar/data/927628/000092762823000117/cof-12312022x10kxex10226.htm')",EX-10.226,50999
"('cof-12312022x10kxex10227.htm', '/Archives/edgar/data/927628/000092762823000117/cof-12312022x10kxex10227.htm')",EX-10.227,44036
"('cof-12312022x10kxex10227.htm', '/Archives/edgar/data/927628/000092762823000117/cof-12312022x10kxex10227.htm')",EX-10.227,44036
"('cof-12312022x10kxex10227.htm', '/Archives/edgar/data/927628/000092762823000117/cof-12312022x10kxex10227.htm')",EX-10.227,44036
"('cof-12312022x10kxex10227.htm', '/Archives/edgar/data/927628/000092762823000117/cof-12312022x10kxex10227.htm')",EX-10.227,44036
"('cof-12312022x10kxex10228.htm', '/Archives/edgar/data/927628/000092762823000117/cof-12312022x10kxex10228.htm')",EX-10.228,50130
"('cof-12312022x10kxex10228.htm', '/Archives/edgar/data/927628/000092762823000117/cof-12312022x10kxex10228.htm')",EX-10.228,50130
"('cof-12312022x10kxex10228.htm', '/Archives/edgar/data/927628/000092762823000117/cof-12312022x10kxex10228.htm')",EX-10.228,50130
"('cof-12312022x10kxex10228.htm', '/Archives/edgar/data/927628/000092762823000117/cof-12312022x10kxex10228.htm')",EX-10.228,50130
"('cof-12312022x10kxex1042.htm', '/Archives/edgar/data/927628/000092762823000117/cof-12312022x10kxex1042.htm')",EX-10.42,72476
"('cof-12312022x10kxex1042.htm', '/Archives/edgar/data/927628/000092762823000117/cof-12312022x10kxex1042.htm')",EX-10.42,72476
"('cof-12312022x10kxex1042.htm', '/Archives/edgar/data/927628/000092762823000117/cof-12312022x10kxex1042.htm')",EX-10.42,72476
"('cof-12312022x10kxex1042.htm', '/Archives/edgar/data/927628/000092762823000117/cof-12312022x10kxex1042.htm')",EX-10.42,72476
"('cof-12312022x10kxex1043.htm', '/Archives/edgar/data/927628/000092762823000117/cof-12312022x10kxex1043.htm')",EX-10.43,12930
"('cof-12312022x10kxex1043.htm', '/Archives/edgar/data/927628/000092762823000117/cof-12312022x10kxex1043.htm')",EX-10.43,12930
"('cof-12312022x10kxex1043.htm', '/Archives/edgar/data/927628/000092762823000117/cof-12312022x10kxex1043.htm')",EX-10.43,12930
"('cof-12312022x10kxex1043.htm', '/Archives/edgar/data/927628/000092762823000117/cof-12312022x10kxex1043.htm')",EX-10.43,12930
"('cof12312022-10kxex109.htm', '/Archives/edgar/data/927628/000092762823000117/cof12312022-10kxex109.htm')",EX-10.9,30268
"('cof12312022-10kxex109.htm', '/Archives/edgar/data/927628/000092762823000117/cof12312022-10kxex109.htm')",EX-10.9,30268
"('cof12312022-10kxex109.htm', '/Archives/edgar/data/927628/000092762823000117/cof12312022-10kxex109.htm')",EX-10.9,30268
"('cof12312022-10kxex109.htm', '/Archives/edgar/data/927628/000092762823000117/cof12312022-10kxex109.htm')",EX-10.9,30268
"('cof-12312022x10kxex21.htm', '/Archives/edgar/data/927628/000092762823000117/cof-12312022x10kxex21.htm')",EX-21,4167
"('cof-12312022x10kxex21.htm', '/Archives/edgar/data/927628/000092762823000117/cof-12312022x10kxex21.htm')",EX-21,4167
"('cof-12312022x10kxex21.htm', '/Archives/edgar/data/927628/000092762823000117/cof-12312022x10kxex21.htm')",EX-21,4167
"('cof-12312022x10kxex21.htm', '/Archives/edgar/data/927628/000092762823000117/cof-12312022x10kxex21.htm')",EX-21,4167
"('cof-12312022x10kxex23.htm', '/Archives/edgar/data/927628/000092762823000117/cof-12312022x10kxex23.htm')",EX-23,51740
"('cof-12312022x10kxex23.htm', '/Archives/edgar/data/927628/000092762823000117/cof-12312022x10kxex23.htm')",EX-23,51740
"('cof-12312022x10kxex23.htm', '/Archives/edgar/data/927628/000092762823000117/cof-12312022x10kxex23.htm')",EX-23,51740
"('cof-12312022x10kxex23.htm', '/Archives/edgar/data/927628/000092762823000117/cof-12312022x10kxex23.htm')",EX-23,51740
"('cof-12312022x10qxex311.htm', '/Archives/edgar/data/927628/000092762823000117/cof-12312022x10qxex311.htm')",EX-31.1,11791
"('cof-12312022x10qxex311.htm', '/Archives/edgar/data/927628/000092762823000117/cof-12312022x10qxex311.htm')",EX-31.1,11791
"('cof-12312022x10qxex311.htm', '/Archives/edgar/data/927628/000092762823000117/cof-12312022x10qxex311.htm')",EX-31.1,11791
"('cof-12312022x10qxex311.htm', '/Archives/edgar/data/927628/000092762823000117/cof-12312022x10qxex311.htm')",EX-31.1,11791
"('cof-12312022x10qxex312.htm', '/Archives/edgar/data/927628/000092762823000117/cof-12312022x10qxex312.htm')",EX-31.2,11767
"('cof-12312022x10qxex312.htm', '/Archives/edgar/data/927628/000092762823000117/cof-12312022x10qxex312.htm')",EX-31.2,11767
"('cof-12312022x10qxex312.htm', '/Archives/edgar/data/927628/000092762823000117/cof-12312022x10qxex312.htm')",EX-31.2,11767
"('cof-12312022x10qxex312.htm', '/Archives/edgar/data/927628/000092762823000117/cof-12312022x10qxex312.htm')",EX-31.2,11767
"('cof-12312022x10qxex321.htm', '/Archives/edgar/data/927628/000092762823000117/cof-12312022x10qxex321.htm')",EX-32.1,6493
"('cof-12312022x10qxex321.htm', '/Archives/edgar/data/927628/000092762823000117/cof-12312022x10qxex321.htm')",EX-32.1,6493
"('cof-12312022x10qxex321.htm', '/Archives/edgar/data/927628/000092762823000117/cof-12312022x10qxex321.htm')",EX-32.1,6493
"('cof-12312022x10qxex321.htm', '/Archives/edgar/data/927628/000092762823000117/cof-12312022x10qxex321.htm')",EX-32.1,6493
"('cof-12312022x10qxex322.htm', '/Archives/edgar/data/927628/000092762823000117/cof-12312022x10qxex322.htm')",EX-32.2,6458
"('cof-12312022x10qxex322.htm', '/Archives/edgar/data/927628/000092762823000117/cof-12312022x10qxex322.htm')",EX-32.2,6458
"('cof-12312022x10qxex322.htm', '/Archives/edgar/data/927628/000092762823000117/cof-12312022x10qxex322.htm')",EX-32.2,6458
"('cof-12312022x10qxex322.htm', '/Archives/edgar/data/927628/000092762823000117/cof-12312022x10qxex322.htm')",EX-32.2,6458
"('cof-20221231_g1.jpg', '/Archives/edgar/data/927628/000092762823000117/cof-20221231_g1.jpg')",GRAPHIC,142756
"('cof-20221231_g1.jpg', '/Archives/edgar/data/927628/000092762823000117/cof-20221231_g1.jpg')",GRAPHIC,142756
"('cof-20221231_g1.jpg', '/Archives/edgar/data/927628/000092762823000117/cof-20221231_g1.jpg')",GRAPHIC,142756
"('cof-20221231_g1.jpg', '/Archives/edgar/data/927628/000092762823000117/cof-20221231_g1.jpg')",GRAPHIC,142756
"('0000927628-23-000117.txt', '/Archives/edgar/data/927628/000092762823000117/0000927628-23-000117.txt')",,38368279
"('0000927628-23-000117.txt', '/Archives/edgar/data/927628/000092762823000117/0000927628-23-000117.txt')",,38368279
"('0000927628-23-000117.txt', '/Archives/edgar/data/927628/000092762823000117/0000927628-23-000117.txt')",,38368279
"('0000927628-23-000117.txt', '/Archives/edgar/data/927628/000092762823000117/0000927628-23-000117.txt')",,38368279
