text and hyperlink,form type,size
"('zions-20221231.htm', '/ix?doc=/Archives/edgar/data/109380/000010938023000074/zions-20221231.htm')",10-K,8643256
"('zions-20221231.htm', '/ix?doc=/Archives/edgar/data/109380/000010938023000074/zions-20221231.htm')",10-K,8643256
"('zions-20221231.htm', '/ix?doc=/Archives/edgar/data/109380/000010938023000074/zions-20221231.htm')",10-K,8643256
"('zions-20221231.htm', '/ix?doc=/Archives/edgar/data/109380/000010938023000074/zions-20221231.htm')",10-K,8643256
"('exh41descriptionofsecuriti.htm', '/Archives/edgar/data/109380/000010938023000074/exh41descriptionofsecuriti.htm')",EX-4.1,93662
"('exh41descriptionofsecuriti.htm', '/Archives/edgar/data/109380/000010938023000074/exh41descriptionofsecuriti.htm')",EX-4.1,93662
"('exh41descriptionofsecuriti.htm', '/Archives/edgar/data/109380/000010938023000074/exh41descriptionofsecuriti.htm')",EX-4.1,93662
"('exh41descriptionofsecuriti.htm', '/Archives/edgar/data/109380/000010938023000074/exh41descriptionofsecuriti.htm')",EX-4.1,93662
"('exh10308thamendment401kand.htm', '/Archives/edgar/data/109380/000010938023000074/exh10308thamendment401kand.htm')",EX-10.30,44317
"('exh10308thamendment401kand.htm', '/Archives/edgar/data/109380/000010938023000074/exh10308thamendment401kand.htm')",EX-10.30,44317
"('exh10308thamendment401kand.htm', '/Archives/edgar/data/109380/000010938023000074/exh10308thamendment401kand.htm')",EX-10.30,44317
"('exh10308thamendment401kand.htm', '/Archives/edgar/data/109380/000010938023000074/exh10308thamendment401kand.htm')",EX-10.30,44317
"('exh21listofsubs20221231.htm', '/Archives/edgar/data/109380/000010938023000074/exh21listofsubs20221231.htm')",EX-21,10531
"('exh21listofsubs20221231.htm', '/Archives/edgar/data/109380/000010938023000074/exh21listofsubs20221231.htm')",EX-21,10531
"('exh21listofsubs20221231.htm', '/Archives/edgar/data/109380/000010938023000074/exh21listofsubs20221231.htm')",EX-21,10531
"('exh21listofsubs20221231.htm', '/Archives/edgar/data/109380/000010938023000074/exh21listofsubs20221231.htm')",EX-21,10531
"('exh23eyconsent20221231.htm', '/Archives/edgar/data/109380/000010938023000074/exh23eyconsent20221231.htm')",EX-23,4743
"('exh23eyconsent20221231.htm', '/Archives/edgar/data/109380/000010938023000074/exh23eyconsent20221231.htm')",EX-23,4743
"('exh23eyconsent20221231.htm', '/Archives/edgar/data/109380/000010938023000074/exh23eyconsent20221231.htm')",EX-23,4743
"('exh23eyconsent20221231.htm', '/Archives/edgar/data/109380/000010938023000074/exh23eyconsent20221231.htm')",EX-23,4743
"('exh311certofceo10-k20221231.htm', '/Archives/edgar/data/109380/000010938023000074/exh311certofceo10-k20221231.htm')",EX-31.1,10229
"('exh311certofceo10-k20221231.htm', '/Archives/edgar/data/109380/000010938023000074/exh311certofceo10-k20221231.htm')",EX-31.1,10229
"('exh311certofceo10-k20221231.htm', '/Archives/edgar/data/109380/000010938023000074/exh311certofceo10-k20221231.htm')",EX-31.1,10229
"('exh311certofceo10-k20221231.htm', '/Archives/edgar/data/109380/000010938023000074/exh311certofceo10-k20221231.htm')",EX-31.1,10229
"('exh312certofcfo10-k20221231.htm', '/Archives/edgar/data/109380/000010938023000074/exh312certofcfo10-k20221231.htm')",EX-31.2,9983
"('exh312certofcfo10-k20221231.htm', '/Archives/edgar/data/109380/000010938023000074/exh312certofcfo10-k20221231.htm')",EX-31.2,9983
"('exh312certofcfo10-k20221231.htm', '/Archives/edgar/data/109380/000010938023000074/exh312certofcfo10-k20221231.htm')",EX-31.2,9983
"('exh312certofcfo10-k20221231.htm', '/Archives/edgar/data/109380/000010938023000074/exh312certofcfo10-k20221231.htm')",EX-31.2,9983
"('exh32certofceocfo20221231.htm', '/Archives/edgar/data/109380/000010938023000074/exh32certofceocfo20221231.htm')",EX-32,6000
"('exh32certofceocfo20221231.htm', '/Archives/edgar/data/109380/000010938023000074/exh32certofceocfo20221231.htm')",EX-32,6000
"('exh32certofceocfo20221231.htm', '/Archives/edgar/data/109380/000010938023000074/exh32certofceocfo20221231.htm')",EX-32,6000
"('exh32certofceocfo20221231.htm', '/Archives/edgar/data/109380/000010938023000074/exh32certofceocfo20221231.htm')",EX-32,6000
"('zions-20221231_g1.jpg', '/Archives/edgar/data/109380/000010938023000074/zions-20221231_g1.jpg')",GRAPHIC,76101
"('zions-20221231_g1.jpg', '/Archives/edgar/data/109380/000010938023000074/zions-20221231_g1.jpg')",GRAPHIC,76101
"('zions-20221231_g1.jpg', '/Archives/edgar/data/109380/000010938023000074/zions-20221231_g1.jpg')",GRAPHIC,76101
"('zions-20221231_g1.jpg', '/Archives/edgar/data/109380/000010938023000074/zions-20221231_g1.jpg')",GRAPHIC,76101
"('zions-20221231_g10.jpg', '/Archives/edgar/data/109380/000010938023000074/zions-20221231_g10.jpg')",GRAPHIC,60168
"('zions-20221231_g10.jpg', '/Archives/edgar/data/109380/000010938023000074/zions-20221231_g10.jpg')",GRAPHIC,60168
"('zions-20221231_g10.jpg', '/Archives/edgar/data/109380/000010938023000074/zions-20221231_g10.jpg')",GRAPHIC,60168
"('zions-20221231_g10.jpg', '/Archives/edgar/data/109380/000010938023000074/zions-20221231_g10.jpg')",GRAPHIC,60168
"('zions-20221231_g11.jpg', '/Archives/edgar/data/109380/000010938023000074/zions-20221231_g11.jpg')",GRAPHIC,57537
"('zions-20221231_g11.jpg', '/Archives/edgar/data/109380/000010938023000074/zions-20221231_g11.jpg')",GRAPHIC,57537
"('zions-20221231_g11.jpg', '/Archives/edgar/data/109380/000010938023000074/zions-20221231_g11.jpg')",GRAPHIC,57537
"('zions-20221231_g11.jpg', '/Archives/edgar/data/109380/000010938023000074/zions-20221231_g11.jpg')",GRAPHIC,57537
"('zions-20221231_g12.jpg', '/Archives/edgar/data/109380/000010938023000074/zions-20221231_g12.jpg')",GRAPHIC,67028
"('zions-20221231_g12.jpg', '/Archives/edgar/data/109380/000010938023000074/zions-20221231_g12.jpg')",GRAPHIC,67028
"('zions-20221231_g12.jpg', '/Archives/edgar/data/109380/000010938023000074/zions-20221231_g12.jpg')",GRAPHIC,67028
"('zions-20221231_g12.jpg', '/Archives/edgar/data/109380/000010938023000074/zions-20221231_g12.jpg')",GRAPHIC,67028
"('zions-20221231_g13.jpg', '/Archives/edgar/data/109380/000010938023000074/zions-20221231_g13.jpg')",GRAPHIC,57123
"('zions-20221231_g13.jpg', '/Archives/edgar/data/109380/000010938023000074/zions-20221231_g13.jpg')",GRAPHIC,57123
"('zions-20221231_g13.jpg', '/Archives/edgar/data/109380/000010938023000074/zions-20221231_g13.jpg')",GRAPHIC,57123
"('zions-20221231_g13.jpg', '/Archives/edgar/data/109380/000010938023000074/zions-20221231_g13.jpg')",GRAPHIC,57123
"('zions-20221231_g14.jpg', '/Archives/edgar/data/109380/000010938023000074/zions-20221231_g14.jpg')",GRAPHIC,95323
"('zions-20221231_g14.jpg', '/Archives/edgar/data/109380/000010938023000074/zions-20221231_g14.jpg')",GRAPHIC,95323
"('zions-20221231_g14.jpg', '/Archives/edgar/data/109380/000010938023000074/zions-20221231_g14.jpg')",GRAPHIC,95323
"('zions-20221231_g14.jpg', '/Archives/edgar/data/109380/000010938023000074/zions-20221231_g14.jpg')",GRAPHIC,95323
"('zions-20221231_g2.jpg', '/Archives/edgar/data/109380/000010938023000074/zions-20221231_g2.jpg')",GRAPHIC,63628
"('zions-20221231_g2.jpg', '/Archives/edgar/data/109380/000010938023000074/zions-20221231_g2.jpg')",GRAPHIC,63628
"('zions-20221231_g2.jpg', '/Archives/edgar/data/109380/000010938023000074/zions-20221231_g2.jpg')",GRAPHIC,63628
"('zions-20221231_g2.jpg', '/Archives/edgar/data/109380/000010938023000074/zions-20221231_g2.jpg')",GRAPHIC,63628
"('zions-20221231_g3.jpg', '/Archives/edgar/data/109380/000010938023000074/zions-20221231_g3.jpg')",GRAPHIC,19402
"('zions-20221231_g3.jpg', '/Archives/edgar/data/109380/000010938023000074/zions-20221231_g3.jpg')",GRAPHIC,19402
"('zions-20221231_g3.jpg', '/Archives/edgar/data/109380/000010938023000074/zions-20221231_g3.jpg')",GRAPHIC,19402
"('zions-20221231_g3.jpg', '/Archives/edgar/data/109380/000010938023000074/zions-20221231_g3.jpg')",GRAPHIC,19402
"('zions-20221231_g4.jpg', '/Archives/edgar/data/109380/000010938023000074/zions-20221231_g4.jpg')",GRAPHIC,20109
"('zions-20221231_g4.jpg', '/Archives/edgar/data/109380/000010938023000074/zions-20221231_g4.jpg')",GRAPHIC,20109
"('zions-20221231_g4.jpg', '/Archives/edgar/data/109380/000010938023000074/zions-20221231_g4.jpg')",GRAPHIC,20109
"('zions-20221231_g4.jpg', '/Archives/edgar/data/109380/000010938023000074/zions-20221231_g4.jpg')",GRAPHIC,20109
"('zions-20221231_g5.jpg', '/Archives/edgar/data/109380/000010938023000074/zions-20221231_g5.jpg')",GRAPHIC,22342
"('zions-20221231_g5.jpg', '/Archives/edgar/data/109380/000010938023000074/zions-20221231_g5.jpg')",GRAPHIC,22342
"('zions-20221231_g5.jpg', '/Archives/edgar/data/109380/000010938023000074/zions-20221231_g5.jpg')",GRAPHIC,22342
"('zions-20221231_g5.jpg', '/Archives/edgar/data/109380/000010938023000074/zions-20221231_g5.jpg')",GRAPHIC,22342
"('zions-20221231_g6.jpg', '/Archives/edgar/data/109380/000010938023000074/zions-20221231_g6.jpg')",GRAPHIC,22100
"('zions-20221231_g6.jpg', '/Archives/edgar/data/109380/000010938023000074/zions-20221231_g6.jpg')",GRAPHIC,22100
"('zions-20221231_g6.jpg', '/Archives/edgar/data/109380/000010938023000074/zions-20221231_g6.jpg')",GRAPHIC,22100
"('zions-20221231_g6.jpg', '/Archives/edgar/data/109380/000010938023000074/zions-20221231_g6.jpg')",GRAPHIC,22100
"('zions-20221231_g7.jpg', '/Archives/edgar/data/109380/000010938023000074/zions-20221231_g7.jpg')",GRAPHIC,66887
"('zions-20221231_g7.jpg', '/Archives/edgar/data/109380/000010938023000074/zions-20221231_g7.jpg')",GRAPHIC,66887
"('zions-20221231_g7.jpg', '/Archives/edgar/data/109380/000010938023000074/zions-20221231_g7.jpg')",GRAPHIC,66887
"('zions-20221231_g7.jpg', '/Archives/edgar/data/109380/000010938023000074/zions-20221231_g7.jpg')",GRAPHIC,66887
"('zions-20221231_g8.jpg', '/Archives/edgar/data/109380/000010938023000074/zions-20221231_g8.jpg')",GRAPHIC,58074
"('zions-20221231_g8.jpg', '/Archives/edgar/data/109380/000010938023000074/zions-20221231_g8.jpg')",GRAPHIC,58074
"('zions-20221231_g8.jpg', '/Archives/edgar/data/109380/000010938023000074/zions-20221231_g8.jpg')",GRAPHIC,58074
"('zions-20221231_g8.jpg', '/Archives/edgar/data/109380/000010938023000074/zions-20221231_g8.jpg')",GRAPHIC,58074
"('zions-20221231_g9.jpg', '/Archives/edgar/data/109380/000010938023000074/zions-20221231_g9.jpg')",GRAPHIC,50783
"('zions-20221231_g9.jpg', '/Archives/edgar/data/109380/000010938023000074/zions-20221231_g9.jpg')",GRAPHIC,50783
"('zions-20221231_g9.jpg', '/Archives/edgar/data/109380/000010938023000074/zions-20221231_g9.jpg')",GRAPHIC,50783
"('zions-20221231_g9.jpg', '/Archives/edgar/data/109380/000010938023000074/zions-20221231_g9.jpg')",GRAPHIC,50783
"('0000109380-23-000074.txt', '/Archives/edgar/data/109380/000010938023000074/0000109380-23-000074.txt')",,36298738
"('0000109380-23-000074.txt', '/Archives/edgar/data/109380/000010938023000074/0000109380-23-000074.txt')",,36298738
"('0000109380-23-000074.txt', '/Archives/edgar/data/109380/000010938023000074/0000109380-23-000074.txt')",,36298738
"('0000109380-23-000074.txt', '/Archives/edgar/data/109380/000010938023000074/0000109380-23-000074.txt')",,36298738
