text and hyperlink,form type,size
"('rf-20221231.htm', '/ix?doc=/Archives/edgar/data/1281761/000128176123000012/rf-20221231.htm')",10-K,9462441
"('rf-20221231.htm', '/ix?doc=/Archives/edgar/data/1281761/000128176123000012/rf-20221231.htm')",10-K,9462441
"('rf-20221231.htm', '/ix?doc=/Archives/edgar/data/1281761/000128176123000012/rf-20221231.htm')",10-K,9462441
"('rf-20221231.htm', '/ix?doc=/Archives/edgar/data/1281761/000128176123000012/rf-20221231.htm')",10-K,9462441
"('rf-20221231xex42a.htm', '/Archives/edgar/data/1281761/000128176123000012/rf-20221231xex42a.htm')",EX-4.2A,37333
"('rf-20221231xex42a.htm', '/Archives/edgar/data/1281761/000128176123000012/rf-20221231xex42a.htm')",EX-4.2A,37333
"('rf-20221231xex42a.htm', '/Archives/edgar/data/1281761/000128176123000012/rf-20221231xex42a.htm')",EX-4.2A,37333
"('rf-20221231xex42a.htm', '/Archives/edgar/data/1281761/000128176123000012/rf-20221231xex42a.htm')",EX-4.2A,37333
"('rf-20221231xex45a.htm', '/Archives/edgar/data/1281761/000128176123000012/rf-20221231xex45a.htm')",EX-4.5A,34440
"('rf-20221231xex45a.htm', '/Archives/edgar/data/1281761/000128176123000012/rf-20221231xex45a.htm')",EX-4.5A,34440
"('rf-20221231xex45a.htm', '/Archives/edgar/data/1281761/000128176123000012/rf-20221231xex45a.htm')",EX-4.5A,34440
"('rf-20221231xex45a.htm', '/Archives/edgar/data/1281761/000128176123000012/rf-20221231xex45a.htm')",EX-4.5A,34440
"('rf-20221231xex47a.htm', '/Archives/edgar/data/1281761/000128176123000012/rf-20221231xex47a.htm')",EX-4.7A,34234
"('rf-20221231xex47a.htm', '/Archives/edgar/data/1281761/000128176123000012/rf-20221231xex47a.htm')",EX-4.7A,34234
"('rf-20221231xex47a.htm', '/Archives/edgar/data/1281761/000128176123000012/rf-20221231xex47a.htm')",EX-4.7A,34234
"('rf-20221231xex47a.htm', '/Archives/edgar/data/1281761/000128176123000012/rf-20221231xex47a.htm')",EX-4.7A,34234
"('rf-20221231xex49a.htm', '/Archives/edgar/data/1281761/000128176123000012/rf-20221231xex49a.htm')",EX-4.9A,33688
"('rf-20221231xex49a.htm', '/Archives/edgar/data/1281761/000128176123000012/rf-20221231xex49a.htm')",EX-4.9A,33688
"('rf-20221231xex49a.htm', '/Archives/edgar/data/1281761/000128176123000012/rf-20221231xex49a.htm')",EX-4.9A,33688
"('rf-20221231xex49a.htm', '/Archives/edgar/data/1281761/000128176123000012/rf-20221231xex49a.htm')",EX-4.9A,33688
"('rf-20221231xex411.htm', '/Archives/edgar/data/1281761/000128176123000012/rf-20221231xex411.htm')",EX-4.11,42244
"('rf-20221231xex411.htm', '/Archives/edgar/data/1281761/000128176123000012/rf-20221231xex411.htm')",EX-4.11,42244
"('rf-20221231xex411.htm', '/Archives/edgar/data/1281761/000128176123000012/rf-20221231xex411.htm')",EX-4.11,42244
"('rf-20221231xex411.htm', '/Archives/edgar/data/1281761/000128176123000012/rf-20221231xex411.htm')",EX-4.11,42244
"('rf-20221231xex1012.htm', '/Archives/edgar/data/1281761/000128176123000012/rf-20221231xex1012.htm')",EX-10.12,23834
"('rf-20221231xex1012.htm', '/Archives/edgar/data/1281761/000128176123000012/rf-20221231xex1012.htm')",EX-10.12,23834
"('rf-20221231xex1012.htm', '/Archives/edgar/data/1281761/000128176123000012/rf-20221231xex1012.htm')",EX-10.12,23834
"('rf-20221231xex1012.htm', '/Archives/edgar/data/1281761/000128176123000012/rf-20221231xex1012.htm')",EX-10.12,23834
"('rf-20221231exx1013.htm', '/Archives/edgar/data/1281761/000128176123000012/rf-20221231exx1013.htm')",EX-10.13,12705
"('rf-20221231exx1013.htm', '/Archives/edgar/data/1281761/000128176123000012/rf-20221231exx1013.htm')",EX-10.13,12705
"('rf-20221231exx1013.htm', '/Archives/edgar/data/1281761/000128176123000012/rf-20221231exx1013.htm')",EX-10.13,12705
"('rf-20221231exx1013.htm', '/Archives/edgar/data/1281761/000128176123000012/rf-20221231exx1013.htm')",EX-10.13,12705
"('rf-20221231exx1026.htm', '/Archives/edgar/data/1281761/000128176123000012/rf-20221231exx1026.htm')",EX-10.26,25419
"('rf-20221231exx1026.htm', '/Archives/edgar/data/1281761/000128176123000012/rf-20221231exx1026.htm')",EX-10.26,25419
"('rf-20221231exx1026.htm', '/Archives/edgar/data/1281761/000128176123000012/rf-20221231exx1026.htm')",EX-10.26,25419
"('rf-20221231exx1026.htm', '/Archives/edgar/data/1281761/000128176123000012/rf-20221231exx1026.htm')",EX-10.26,25419
"('rf-20221231xex1028.htm', '/Archives/edgar/data/1281761/000128176123000012/rf-20221231xex1028.htm')",EX-10.28,46445
"('rf-20221231xex1028.htm', '/Archives/edgar/data/1281761/000128176123000012/rf-20221231xex1028.htm')",EX-10.28,46445
"('rf-20221231xex1028.htm', '/Archives/edgar/data/1281761/000128176123000012/rf-20221231xex1028.htm')",EX-10.28,46445
"('rf-20221231xex1028.htm', '/Archives/edgar/data/1281761/000128176123000012/rf-20221231xex1028.htm')",EX-10.28,46445
"('rf-20221231ex1043.htm', '/Archives/edgar/data/1281761/000128176123000012/rf-20221231ex1043.htm')",EX-10.43,73826
"('rf-20221231ex1043.htm', '/Archives/edgar/data/1281761/000128176123000012/rf-20221231ex1043.htm')",EX-10.43,73826
"('rf-20221231ex1043.htm', '/Archives/edgar/data/1281761/000128176123000012/rf-20221231ex1043.htm')",EX-10.43,73826
"('rf-20221231ex1043.htm', '/Archives/edgar/data/1281761/000128176123000012/rf-20221231ex1043.htm')",EX-10.43,73826
"('rf-20221231ex21.htm', '/Archives/edgar/data/1281761/000128176123000012/rf-20221231ex21.htm')",EX-21,29941
"('rf-20221231ex21.htm', '/Archives/edgar/data/1281761/000128176123000012/rf-20221231ex21.htm')",EX-21,29941
"('rf-20221231ex21.htm', '/Archives/edgar/data/1281761/000128176123000012/rf-20221231ex21.htm')",EX-21,29941
"('rf-20221231ex21.htm', '/Archives/edgar/data/1281761/000128176123000012/rf-20221231ex21.htm')",EX-21,29941
"('rf-20221231xex23.htm', '/Archives/edgar/data/1281761/000128176123000012/rf-20221231xex23.htm')",EX-23,6121
"('rf-20221231xex23.htm', '/Archives/edgar/data/1281761/000128176123000012/rf-20221231xex23.htm')",EX-23,6121
"('rf-20221231xex23.htm', '/Archives/edgar/data/1281761/000128176123000012/rf-20221231xex23.htm')",EX-23,6121
"('rf-20221231xex23.htm', '/Archives/edgar/data/1281761/000128176123000012/rf-20221231xex23.htm')",EX-23,6121
"('rf-20221231xex24.htm', '/Archives/edgar/data/1281761/000128176123000012/rf-20221231xex24.htm')",EX-24,11325
"('rf-20221231xex24.htm', '/Archives/edgar/data/1281761/000128176123000012/rf-20221231xex24.htm')",EX-24,11325
"('rf-20221231xex24.htm', '/Archives/edgar/data/1281761/000128176123000012/rf-20221231xex24.htm')",EX-24,11325
"('rf-20221231xex24.htm', '/Archives/edgar/data/1281761/000128176123000012/rf-20221231xex24.htm')",EX-24,11325
"('rf-20221231xex311.htm', '/Archives/edgar/data/1281761/000128176123000012/rf-20221231xex311.htm')",EX-31.1,9872
"('rf-20221231xex311.htm', '/Archives/edgar/data/1281761/000128176123000012/rf-20221231xex311.htm')",EX-31.1,9872
"('rf-20221231xex311.htm', '/Archives/edgar/data/1281761/000128176123000012/rf-20221231xex311.htm')",EX-31.1,9872
"('rf-20221231xex311.htm', '/Archives/edgar/data/1281761/000128176123000012/rf-20221231xex311.htm')",EX-31.1,9872
"('rf-20221230xex312.htm', '/Archives/edgar/data/1281761/000128176123000012/rf-20221230xex312.htm')",EX-31.2,9946
"('rf-20221230xex312.htm', '/Archives/edgar/data/1281761/000128176123000012/rf-20221230xex312.htm')",EX-31.2,9946
"('rf-20221230xex312.htm', '/Archives/edgar/data/1281761/000128176123000012/rf-20221230xex312.htm')",EX-31.2,9946
"('rf-20221230xex312.htm', '/Archives/edgar/data/1281761/000128176123000012/rf-20221230xex312.htm')",EX-31.2,9946
"('rf-20221231xex32.htm', '/Archives/edgar/data/1281761/000128176123000012/rf-20221231xex32.htm')",EX-32,8224
"('rf-20221231xex32.htm', '/Archives/edgar/data/1281761/000128176123000012/rf-20221231xex32.htm')",EX-32,8224
"('rf-20221231xex32.htm', '/Archives/edgar/data/1281761/000128176123000012/rf-20221231xex32.htm')",EX-32,8224
"('rf-20221231xex32.htm', '/Archives/edgar/data/1281761/000128176123000012/rf-20221231xex32.htm')",EX-32,8224
"('eyllpsignature201510ka88.jpg', '/Archives/edgar/data/1281761/000128176123000012/eyllpsignature201510ka88.jpg')",GRAPHIC,129425
"('eyllpsignature201510ka88.jpg', '/Archives/edgar/data/1281761/000128176123000012/eyllpsignature201510ka88.jpg')",GRAPHIC,129425
"('eyllpsignature201510ka88.jpg', '/Archives/edgar/data/1281761/000128176123000012/eyllpsignature201510ka88.jpg')",GRAPHIC,129425
"('eyllpsignature201510ka88.jpg', '/Archives/edgar/data/1281761/000128176123000012/eyllpsignature201510ka88.jpg')",GRAPHIC,129425
"('rf-20221231_g1.jpg', '/Archives/edgar/data/1281761/000128176123000012/rf-20221231_g1.jpg')",GRAPHIC,110037
"('rf-20221231_g1.jpg', '/Archives/edgar/data/1281761/000128176123000012/rf-20221231_g1.jpg')",GRAPHIC,110037
"('rf-20221231_g1.jpg', '/Archives/edgar/data/1281761/000128176123000012/rf-20221231_g1.jpg')",GRAPHIC,110037
"('rf-20221231_g1.jpg', '/Archives/edgar/data/1281761/000128176123000012/rf-20221231_g1.jpg')",GRAPHIC,110037
"('0001281761-23-000012.txt', '/Archives/edgar/data/1281761/000128176123000012/0001281761-23-000012.txt')",,39446401
"('0001281761-23-000012.txt', '/Archives/edgar/data/1281761/000128176123000012/0001281761-23-000012.txt')",,39446401
"('0001281761-23-000012.txt', '/Archives/edgar/data/1281761/000128176123000012/0001281761-23-000012.txt')",,39446401
"('0001281761-23-000012.txt', '/Archives/edgar/data/1281761/000128176123000012/0001281761-23-000012.txt')",,39446401
