text and hyperlink,form type,size
"('bac-20221231.htm', '/ix?doc=/Archives/edgar/data/70858/000007085823000092/bac-20221231.htm')",10-K,16266085
"('bac-20221231.htm', '/ix?doc=/Archives/edgar/data/70858/000007085823000092/bac-20221231.htm')",10-K,16266085
"('bac-20221231.htm', '/ix?doc=/Archives/edgar/data/70858/000007085823000092/bac-20221231.htm')",10-K,16266085
"('bac-20221231.htm', '/ix?doc=/Archives/edgar/data/70858/000007085823000092/bac-20221231.htm')",10-K,16266085
"('bac-1231202210xkex32.htm', '/Archives/edgar/data/70858/000007085823000092/bac-1231202210xkex32.htm')",EX-3.2,320801
"('bac-1231202210xkex32.htm', '/Archives/edgar/data/70858/000007085823000092/bac-1231202210xkex32.htm')",EX-3.2,320801
"('bac-1231202210xkex32.htm', '/Archives/edgar/data/70858/000007085823000092/bac-1231202210xkex32.htm')",EX-3.2,320801
"('bac-1231202210xkex32.htm', '/Archives/edgar/data/70858/000007085823000092/bac-1231202210xkex32.htm')",EX-3.2,320801
"('bac-1231202210xkex430.htm', '/Archives/edgar/data/70858/000007085823000092/bac-1231202210xkex430.htm')",EX-4.30,648226
"('bac-1231202210xkex430.htm', '/Archives/edgar/data/70858/000007085823000092/bac-1231202210xkex430.htm')",EX-4.30,648226
"('bac-1231202210xkex430.htm', '/Archives/edgar/data/70858/000007085823000092/bac-1231202210xkex430.htm')",EX-4.30,648226
"('bac-1231202210xkex430.htm', '/Archives/edgar/data/70858/000007085823000092/bac-1231202210xkex430.htm')",EX-4.30,648226
"('bac-1231202210xkex1062.htm', '/Archives/edgar/data/70858/000007085823000092/bac-1231202210xkex1062.htm')",EX-10.62,123128
"('bac-1231202210xkex1062.htm', '/Archives/edgar/data/70858/000007085823000092/bac-1231202210xkex1062.htm')",EX-10.62,123128
"('bac-1231202210xkex1062.htm', '/Archives/edgar/data/70858/000007085823000092/bac-1231202210xkex1062.htm')",EX-10.62,123128
"('bac-1231202210xkex1062.htm', '/Archives/edgar/data/70858/000007085823000092/bac-1231202210xkex1062.htm')",EX-10.62,123128
"('bac-1231202210xkex21.htm', '/Archives/edgar/data/70858/000007085823000092/bac-1231202210xkex21.htm')",EX-21,51606
"('bac-1231202210xkex21.htm', '/Archives/edgar/data/70858/000007085823000092/bac-1231202210xkex21.htm')",EX-21,51606
"('bac-1231202210xkex21.htm', '/Archives/edgar/data/70858/000007085823000092/bac-1231202210xkex21.htm')",EX-21,51606
"('bac-1231202210xkex21.htm', '/Archives/edgar/data/70858/000007085823000092/bac-1231202210xkex21.htm')",EX-21,51606
"('bac-1231202210xkex22.htm', '/Archives/edgar/data/70858/000007085823000092/bac-1231202210xkex22.htm')",EX-22,5726
"('bac-1231202210xkex22.htm', '/Archives/edgar/data/70858/000007085823000092/bac-1231202210xkex22.htm')",EX-22,5726
"('bac-1231202210xkex22.htm', '/Archives/edgar/data/70858/000007085823000092/bac-1231202210xkex22.htm')",EX-22,5726
"('bac-1231202210xkex22.htm', '/Archives/edgar/data/70858/000007085823000092/bac-1231202210xkex22.htm')",EX-22,5726
"('bac-1231202210xkex23.htm', '/Archives/edgar/data/70858/000007085823000092/bac-1231202210xkex23.htm')",EX-23,2675
"('bac-1231202210xkex23.htm', '/Archives/edgar/data/70858/000007085823000092/bac-1231202210xkex23.htm')",EX-23,2675
"('bac-1231202210xkex23.htm', '/Archives/edgar/data/70858/000007085823000092/bac-1231202210xkex23.htm')",EX-23,2675
"('bac-1231202210xkex23.htm', '/Archives/edgar/data/70858/000007085823000092/bac-1231202210xkex23.htm')",EX-23,2675
"('bac-1231202210xkex24.htm', '/Archives/edgar/data/70858/000007085823000092/bac-1231202210xkex24.htm')",EX-24,30395
"('bac-1231202210xkex24.htm', '/Archives/edgar/data/70858/000007085823000092/bac-1231202210xkex24.htm')",EX-24,30395
"('bac-1231202210xkex24.htm', '/Archives/edgar/data/70858/000007085823000092/bac-1231202210xkex24.htm')",EX-24,30395
"('bac-1231202210xkex24.htm', '/Archives/edgar/data/70858/000007085823000092/bac-1231202210xkex24.htm')",EX-24,30395
"('bac-1231202210xkex311.htm', '/Archives/edgar/data/70858/000007085823000092/bac-1231202210xkex311.htm')",EX-31.1,10962
"('bac-1231202210xkex311.htm', '/Archives/edgar/data/70858/000007085823000092/bac-1231202210xkex311.htm')",EX-31.1,10962
"('bac-1231202210xkex311.htm', '/Archives/edgar/data/70858/000007085823000092/bac-1231202210xkex311.htm')",EX-31.1,10962
"('bac-1231202210xkex311.htm', '/Archives/edgar/data/70858/000007085823000092/bac-1231202210xkex311.htm')",EX-31.1,10962
"('bac-1231202210xkex312.htm', '/Archives/edgar/data/70858/000007085823000092/bac-1231202210xkex312.htm')",EX-31.2,10920
"('bac-1231202210xkex312.htm', '/Archives/edgar/data/70858/000007085823000092/bac-1231202210xkex312.htm')",EX-31.2,10920
"('bac-1231202210xkex312.htm', '/Archives/edgar/data/70858/000007085823000092/bac-1231202210xkex312.htm')",EX-31.2,10920
"('bac-1231202210xkex312.htm', '/Archives/edgar/data/70858/000007085823000092/bac-1231202210xkex312.htm')",EX-31.2,10920
"('bac-1231202210xkex321.htm', '/Archives/edgar/data/70858/000007085823000092/bac-1231202210xkex321.htm')",EX-32.1,5821
"('bac-1231202210xkex321.htm', '/Archives/edgar/data/70858/000007085823000092/bac-1231202210xkex321.htm')",EX-32.1,5821
"('bac-1231202210xkex321.htm', '/Archives/edgar/data/70858/000007085823000092/bac-1231202210xkex321.htm')",EX-32.1,5821
"('bac-1231202210xkex321.htm', '/Archives/edgar/data/70858/000007085823000092/bac-1231202210xkex321.htm')",EX-32.1,5821
"('bac-1231202210xkex322.htm', '/Archives/edgar/data/70858/000007085823000092/bac-1231202210xkex322.htm')",EX-32.2,6056
"('bac-1231202210xkex322.htm', '/Archives/edgar/data/70858/000007085823000092/bac-1231202210xkex322.htm')",EX-32.2,6056
"('bac-1231202210xkex322.htm', '/Archives/edgar/data/70858/000007085823000092/bac-1231202210xkex322.htm')",EX-32.2,6056
"('bac-1231202210xkex322.htm', '/Archives/edgar/data/70858/000007085823000092/bac-1231202210xkex322.htm')",EX-32.2,6056
"('bac-1231202210xkex991.htm', '/Archives/edgar/data/70858/000007085823000092/bac-1231202210xkex991.htm')",EX-99.1,29141
"('bac-1231202210xkex991.htm', '/Archives/edgar/data/70858/000007085823000092/bac-1231202210xkex991.htm')",EX-99.1,29141
"('bac-1231202210xkex991.htm', '/Archives/edgar/data/70858/000007085823000092/bac-1231202210xkex991.htm')",EX-99.1,29141
"('bac-1231202210xkex991.htm', '/Archives/edgar/data/70858/000007085823000092/bac-1231202210xkex991.htm')",EX-99.1,29141
"('bac-20221231_g1.jpg', '/Archives/edgar/data/70858/000007085823000092/bac-20221231_g1.jpg')",GRAPHIC,109249
"('bac-20221231_g1.jpg', '/Archives/edgar/data/70858/000007085823000092/bac-20221231_g1.jpg')",GRAPHIC,109249
"('bac-20221231_g1.jpg', '/Archives/edgar/data/70858/000007085823000092/bac-20221231_g1.jpg')",GRAPHIC,109249
"('bac-20221231_g1.jpg', '/Archives/edgar/data/70858/000007085823000092/bac-20221231_g1.jpg')",GRAPHIC,109249
"('bac-20221231_g2.jpg', '/Archives/edgar/data/70858/000007085823000092/bac-20221231_g2.jpg')",GRAPHIC,104620
"('bac-20221231_g2.jpg', '/Archives/edgar/data/70858/000007085823000092/bac-20221231_g2.jpg')",GRAPHIC,104620
"('bac-20221231_g2.jpg', '/Archives/edgar/data/70858/000007085823000092/bac-20221231_g2.jpg')",GRAPHIC,104620
"('bac-20221231_g2.jpg', '/Archives/edgar/data/70858/000007085823000092/bac-20221231_g2.jpg')",GRAPHIC,104620
"('bac-20221231_g3.jpg', '/Archives/edgar/data/70858/000007085823000092/bac-20221231_g3.jpg')",GRAPHIC,57350
"('bac-20221231_g3.jpg', '/Archives/edgar/data/70858/000007085823000092/bac-20221231_g3.jpg')",GRAPHIC,57350
"('bac-20221231_g3.jpg', '/Archives/edgar/data/70858/000007085823000092/bac-20221231_g3.jpg')",GRAPHIC,57350
"('bac-20221231_g3.jpg', '/Archives/edgar/data/70858/000007085823000092/bac-20221231_g3.jpg')",GRAPHIC,57350
"('bac-20221231_g4.jpg', '/Archives/edgar/data/70858/000007085823000092/bac-20221231_g4.jpg')",GRAPHIC,215137
"('bac-20221231_g4.jpg', '/Archives/edgar/data/70858/000007085823000092/bac-20221231_g4.jpg')",GRAPHIC,215137
"('bac-20221231_g4.jpg', '/Archives/edgar/data/70858/000007085823000092/bac-20221231_g4.jpg')",GRAPHIC,215137
"('bac-20221231_g4.jpg', '/Archives/edgar/data/70858/000007085823000092/bac-20221231_g4.jpg')",GRAPHIC,215137
"('bac-20221231_g5.jpg', '/Archives/edgar/data/70858/000007085823000092/bac-20221231_g5.jpg')",GRAPHIC,27514
"('bac-20221231_g5.jpg', '/Archives/edgar/data/70858/000007085823000092/bac-20221231_g5.jpg')",GRAPHIC,27514
"('bac-20221231_g5.jpg', '/Archives/edgar/data/70858/000007085823000092/bac-20221231_g5.jpg')",GRAPHIC,27514
"('bac-20221231_g5.jpg', '/Archives/edgar/data/70858/000007085823000092/bac-20221231_g5.jpg')",GRAPHIC,27514
"('bac-20221231_g6.jpg', '/Archives/edgar/data/70858/000007085823000092/bac-20221231_g6.jpg')",GRAPHIC,47257
"('bac-20221231_g6.jpg', '/Archives/edgar/data/70858/000007085823000092/bac-20221231_g6.jpg')",GRAPHIC,47257
"('bac-20221231_g6.jpg', '/Archives/edgar/data/70858/000007085823000092/bac-20221231_g6.jpg')",GRAPHIC,47257
"('bac-20221231_g6.jpg', '/Archives/edgar/data/70858/000007085823000092/bac-20221231_g6.jpg')",GRAPHIC,47257
"('bac-20221231_g7.jpg', '/Archives/edgar/data/70858/000007085823000092/bac-20221231_g7.jpg')",GRAPHIC,64375
"('bac-20221231_g7.jpg', '/Archives/edgar/data/70858/000007085823000092/bac-20221231_g7.jpg')",GRAPHIC,64375
"('bac-20221231_g7.jpg', '/Archives/edgar/data/70858/000007085823000092/bac-20221231_g7.jpg')",GRAPHIC,64375
"('bac-20221231_g7.jpg', '/Archives/edgar/data/70858/000007085823000092/bac-20221231_g7.jpg')",GRAPHIC,64375
"('image.jpg', '/Archives/edgar/data/70858/000007085823000092/image.jpg')",GRAPHIC,11949
"('image.jpg', '/Archives/edgar/data/70858/000007085823000092/image.jpg')",GRAPHIC,11949
"('image.jpg', '/Archives/edgar/data/70858/000007085823000092/image.jpg')",GRAPHIC,11949
"('image.jpg', '/Archives/edgar/data/70858/000007085823000092/image.jpg')",GRAPHIC,11949
"('pwcconsenta02a.jpg', '/Archives/edgar/data/70858/000007085823000092/pwcconsenta02a.jpg')",GRAPHIC,64375
"('pwcconsenta02a.jpg', '/Archives/edgar/data/70858/000007085823000092/pwcconsenta02a.jpg')",GRAPHIC,64375
"('pwcconsenta02a.jpg', '/Archives/edgar/data/70858/000007085823000092/pwcconsenta02a.jpg')",GRAPHIC,64375
"('pwcconsenta02a.jpg', '/Archives/edgar/data/70858/000007085823000092/pwcconsenta02a.jpg')",GRAPHIC,64375
"('0000070858-23-000092.txt', '/Archives/edgar/data/70858/000007085823000092/0000070858-23-000092.txt')",,68460117
"('0000070858-23-000092.txt', '/Archives/edgar/data/70858/000007085823000092/0000070858-23-000092.txt')",,68460117
"('0000070858-23-000092.txt', '/Archives/edgar/data/70858/000007085823000092/0000070858-23-000092.txt')",,68460117
"('0000070858-23-000092.txt', '/Archives/edgar/data/70858/000007085823000092/0000070858-23-000092.txt')",,68460117
