text and hyperlink,form type,size
"('d410791d10k.htm', '/ix?doc=/Archives/edgar/data/36104/000119312523050691/d410791d10k.htm')",10-K,1025049
"('d410791d10k.htm', '/ix?doc=/Archives/edgar/data/36104/000119312523050691/d410791d10k.htm')",10-K,1025049
"('d410791d10k.htm', '/ix?doc=/Archives/edgar/data/36104/000119312523050691/d410791d10k.htm')",10-K,1025049
"('d410791d10k.htm', '/ix?doc=/Archives/edgar/data/36104/000119312523050691/d410791d10k.htm')",10-K,1025049
"('d410791dex42.htm', '/Archives/edgar/data/36104/000119312523050691/d410791dex42.htm')",EX-4.2,343269
"('d410791dex42.htm', '/Archives/edgar/data/36104/000119312523050691/d410791dex42.htm')",EX-4.2,343269
"('d410791dex42.htm', '/Archives/edgar/data/36104/000119312523050691/d410791dex42.htm')",EX-4.2,343269
"('d410791dex42.htm', '/Archives/edgar/data/36104/000119312523050691/d410791dex42.htm')",EX-4.2,343269
"('d410791dex13.htm', '/ix?doc=/Archives/edgar/data/36104/000119312523050691/d410791dex13.htm')",EX-13,6710060
"('d410791dex13.htm', '/ix?doc=/Archives/edgar/data/36104/000119312523050691/d410791dex13.htm')",EX-13,6710060
"('d410791dex13.htm', '/ix?doc=/Archives/edgar/data/36104/000119312523050691/d410791dex13.htm')",EX-13,6710060
"('d410791dex13.htm', '/ix?doc=/Archives/edgar/data/36104/000119312523050691/d410791dex13.htm')",EX-13,6710060
"('d410791dex21.htm', '/Archives/edgar/data/36104/000119312523050691/d410791dex21.htm')",EX-21,18408
"('d410791dex21.htm', '/Archives/edgar/data/36104/000119312523050691/d410791dex21.htm')",EX-21,18408
"('d410791dex21.htm', '/Archives/edgar/data/36104/000119312523050691/d410791dex21.htm')",EX-21,18408
"('d410791dex21.htm', '/Archives/edgar/data/36104/000119312523050691/d410791dex21.htm')",EX-21,18408
"('d410791dex23.htm', '/Archives/edgar/data/36104/000119312523050691/d410791dex23.htm')",EX-23,8731
"('d410791dex23.htm', '/Archives/edgar/data/36104/000119312523050691/d410791dex23.htm')",EX-23,8731
"('d410791dex23.htm', '/Archives/edgar/data/36104/000119312523050691/d410791dex23.htm')",EX-23,8731
"('d410791dex23.htm', '/Archives/edgar/data/36104/000119312523050691/d410791dex23.htm')",EX-23,8731
"('d410791dex24.htm', '/Archives/edgar/data/36104/000119312523050691/d410791dex24.htm')",EX-24,9048
"('d410791dex24.htm', '/Archives/edgar/data/36104/000119312523050691/d410791dex24.htm')",EX-24,9048
"('d410791dex24.htm', '/Archives/edgar/data/36104/000119312523050691/d410791dex24.htm')",EX-24,9048
"('d410791dex24.htm', '/Archives/edgar/data/36104/000119312523050691/d410791dex24.htm')",EX-24,9048
"('d410791dex311.htm', '/Archives/edgar/data/36104/000119312523050691/d410791dex311.htm')",EX-31.1,11161
"('d410791dex311.htm', '/Archives/edgar/data/36104/000119312523050691/d410791dex311.htm')",EX-31.1,11161
"('d410791dex311.htm', '/Archives/edgar/data/36104/000119312523050691/d410791dex311.htm')",EX-31.1,11161
"('d410791dex311.htm', '/Archives/edgar/data/36104/000119312523050691/d410791dex311.htm')",EX-31.1,11161
"('d410791dex312.htm', '/Archives/edgar/data/36104/000119312523050691/d410791dex312.htm')",EX-31.2,11215
"('d410791dex312.htm', '/Archives/edgar/data/36104/000119312523050691/d410791dex312.htm')",EX-31.2,11215
"('d410791dex312.htm', '/Archives/edgar/data/36104/000119312523050691/d410791dex312.htm')",EX-31.2,11215
"('d410791dex312.htm', '/Archives/edgar/data/36104/000119312523050691/d410791dex312.htm')",EX-31.2,11215
"('d410791dex32.htm', '/Archives/edgar/data/36104/000119312523050691/d410791dex32.htm')",EX-32,3597
"('d410791dex32.htm', '/Archives/edgar/data/36104/000119312523050691/d410791dex32.htm')",EX-32,3597
"('d410791dex32.htm', '/Archives/edgar/data/36104/000119312523050691/d410791dex32.htm')",EX-32,3597
"('d410791dex32.htm', '/Archives/edgar/data/36104/000119312523050691/d410791dex32.htm')",EX-32,3597
"('g410791g01p42.jpg', '/Archives/edgar/data/36104/000119312523050691/g410791g01p42.jpg')",GRAPHIC,88538
"('g410791g01p42.jpg', '/Archives/edgar/data/36104/000119312523050691/g410791g01p42.jpg')",GRAPHIC,88538
"('g410791g01p42.jpg', '/Archives/edgar/data/36104/000119312523050691/g410791g01p42.jpg')",GRAPHIC,88538
"('g410791g01p42.jpg', '/Archives/edgar/data/36104/000119312523050691/g410791g01p42.jpg')",GRAPHIC,88538
"('g410791g74l52.jpg', '/Archives/edgar/data/36104/000119312523050691/g410791g74l52.jpg')",GRAPHIC,8757
"('g410791g74l52.jpg', '/Archives/edgar/data/36104/000119312523050691/g410791g74l52.jpg')",GRAPHIC,8757
"('g410791g74l52.jpg', '/Archives/edgar/data/36104/000119312523050691/g410791g74l52.jpg')",GRAPHIC,8757
"('g410791g74l52.jpg', '/Archives/edgar/data/36104/000119312523050691/g410791g74l52.jpg')",GRAPHIC,8757
"('0001193125-23-050691.txt', '/Archives/edgar/data/36104/000119312523050691/0001193125-23-050691.txt')",,33076784
"('0001193125-23-050691.txt', '/Archives/edgar/data/36104/000119312523050691/0001193125-23-050691.txt')",,33076784
"('0001193125-23-050691.txt', '/Archives/edgar/data/36104/000119312523050691/0001193125-23-050691.txt')",,33076784
"('0001193125-23-050691.txt', '/Archives/edgar/data/36104/000119312523050691/0001193125-23-050691.txt')",,33076784
