text and hyperlink,form type,size
"('trv-20221231.htm', '/ix?doc=/Archives/edgar/data/86312/000008631223000011/trv-20221231.htm')",10-K,8692556
"('trv-20221231.htm', '/ix?doc=/Archives/edgar/data/86312/000008631223000011/trv-20221231.htm')",10-K,8692556
"('trv-20221231.htm', '/ix?doc=/Archives/edgar/data/86312/000008631223000011/trv-20221231.htm')",10-K,8692556
"('trv-20221231.htm', '/ix?doc=/Archives/edgar/data/86312/000008631223000011/trv-20221231.htm')",10-K,8692556
"('a1029trv2023mcmoptionagree.htm', '/Archives/edgar/data/86312/000008631223000011/a1029trv2023mcmoptionagree.htm')",EX-10.29,132706
"('a1029trv2023mcmoptionagree.htm', '/Archives/edgar/data/86312/000008631223000011/a1029trv2023mcmoptionagree.htm')",EX-10.29,132706
"('a1029trv2023mcmoptionagree.htm', '/Archives/edgar/data/86312/000008631223000011/a1029trv2023mcmoptionagree.htm')",EX-10.29,132706
"('a1029trv2023mcmoptionagree.htm', '/Archives/edgar/data/86312/000008631223000011/a1029trv2023mcmoptionagree.htm')",EX-10.29,132706
"('a1030trv2023restrictedstoc.htm', '/Archives/edgar/data/86312/000008631223000011/a1030trv2023restrictedstoc.htm')",EX-10.30,124530
"('a1030trv2023restrictedstoc.htm', '/Archives/edgar/data/86312/000008631223000011/a1030trv2023restrictedstoc.htm')",EX-10.30,124530
"('a1030trv2023restrictedstoc.htm', '/Archives/edgar/data/86312/000008631223000011/a1030trv2023restrictedstoc.htm')",EX-10.30,124530
"('a1030trv2023restrictedstoc.htm', '/Archives/edgar/data/86312/000008631223000011/a1030trv2023restrictedstoc.htm')",EX-10.30,124530
"('a1034trv2023mcmperfsharesa.htm', '/Archives/edgar/data/86312/000008631223000011/a1034trv2023mcmperfsharesa.htm')",EX-10.34,145562
"('a1034trv2023mcmperfsharesa.htm', '/Archives/edgar/data/86312/000008631223000011/a1034trv2023mcmperfsharesa.htm')",EX-10.34,145562
"('a1034trv2023mcmperfsharesa.htm', '/Archives/edgar/data/86312/000008631223000011/a1034trv2023mcmperfsharesa.htm')",EX-10.34,145562
"('a1034trv2023mcmperfsharesa.htm', '/Archives/edgar/data/86312/000008631223000011/a1034trv2023mcmperfsharesa.htm')",EX-10.34,145562
"('a1035trv2023boardofdirecto.htm', '/Archives/edgar/data/86312/000008631223000011/a1035trv2023boardofdirecto.htm')",EX-10.35,13481
"('a1035trv2023boardofdirecto.htm', '/Archives/edgar/data/86312/000008631223000011/a1035trv2023boardofdirecto.htm')",EX-10.35,13481
"('a1035trv2023boardofdirecto.htm', '/Archives/edgar/data/86312/000008631223000011/a1035trv2023boardofdirecto.htm')",EX-10.35,13481
"('a1035trv2023boardofdirecto.htm', '/Archives/edgar/data/86312/000008631223000011/a1035trv2023boardofdirecto.htm')",EX-10.35,13481
"('trv-12312022x10kxex211.htm', '/Archives/edgar/data/86312/000008631223000011/trv-12312022x10kxex211.htm')",EX-21.1,61537
"('trv-12312022x10kxex211.htm', '/Archives/edgar/data/86312/000008631223000011/trv-12312022x10kxex211.htm')",EX-21.1,61537
"('trv-12312022x10kxex211.htm', '/Archives/edgar/data/86312/000008631223000011/trv-12312022x10kxex211.htm')",EX-21.1,61537
"('trv-12312022x10kxex211.htm', '/Archives/edgar/data/86312/000008631223000011/trv-12312022x10kxex211.htm')",EX-21.1,61537
"('trv-12312022x10kxex231.htm', '/Archives/edgar/data/86312/000008631223000011/trv-12312022x10kxex231.htm')",EX-23.1,3834
"('trv-12312022x10kxex231.htm', '/Archives/edgar/data/86312/000008631223000011/trv-12312022x10kxex231.htm')",EX-23.1,3834
"('trv-12312022x10kxex231.htm', '/Archives/edgar/data/86312/000008631223000011/trv-12312022x10kxex231.htm')",EX-23.1,3834
"('trv-12312022x10kxex231.htm', '/Archives/edgar/data/86312/000008631223000011/trv-12312022x10kxex231.htm')",EX-23.1,3834
"('trv-12312022x10kxex241.htm', '/Archives/edgar/data/86312/000008631223000011/trv-12312022x10kxex241.htm')",EX-24.1,24516
"('trv-12312022x10kxex241.htm', '/Archives/edgar/data/86312/000008631223000011/trv-12312022x10kxex241.htm')",EX-24.1,24516
"('trv-12312022x10kxex241.htm', '/Archives/edgar/data/86312/000008631223000011/trv-12312022x10kxex241.htm')",EX-24.1,24516
"('trv-12312022x10kxex241.htm', '/Archives/edgar/data/86312/000008631223000011/trv-12312022x10kxex241.htm')",EX-24.1,24516
"('trv-12312022x10kxex311.htm', '/Archives/edgar/data/86312/000008631223000011/trv-12312022x10kxex311.htm')",EX-31.1,9737
"('trv-12312022x10kxex311.htm', '/Archives/edgar/data/86312/000008631223000011/trv-12312022x10kxex311.htm')",EX-31.1,9737
"('trv-12312022x10kxex311.htm', '/Archives/edgar/data/86312/000008631223000011/trv-12312022x10kxex311.htm')",EX-31.1,9737
"('trv-12312022x10kxex311.htm', '/Archives/edgar/data/86312/000008631223000011/trv-12312022x10kxex311.htm')",EX-31.1,9737
"('trv-12312022x10kxex312.htm', '/Archives/edgar/data/86312/000008631223000011/trv-12312022x10kxex312.htm')",EX-31.2,9745
"('trv-12312022x10kxex312.htm', '/Archives/edgar/data/86312/000008631223000011/trv-12312022x10kxex312.htm')",EX-31.2,9745
"('trv-12312022x10kxex312.htm', '/Archives/edgar/data/86312/000008631223000011/trv-12312022x10kxex312.htm')",EX-31.2,9745
"('trv-12312022x10kxex312.htm', '/Archives/edgar/data/86312/000008631223000011/trv-12312022x10kxex312.htm')",EX-31.2,9745
"('trv-12312022x10kxex321.htm', '/Archives/edgar/data/86312/000008631223000011/trv-12312022x10kxex321.htm')",EX-32.1,5146
"('trv-12312022x10kxex321.htm', '/Archives/edgar/data/86312/000008631223000011/trv-12312022x10kxex321.htm')",EX-32.1,5146
"('trv-12312022x10kxex321.htm', '/Archives/edgar/data/86312/000008631223000011/trv-12312022x10kxex321.htm')",EX-32.1,5146
"('trv-12312022x10kxex321.htm', '/Archives/edgar/data/86312/000008631223000011/trv-12312022x10kxex321.htm')",EX-32.1,5146
"('trv-12312022x10kxex322.htm', '/Archives/edgar/data/86312/000008631223000011/trv-12312022x10kxex322.htm')",EX-32.2,5161
"('trv-12312022x10kxex322.htm', '/Archives/edgar/data/86312/000008631223000011/trv-12312022x10kxex322.htm')",EX-32.2,5161
"('trv-12312022x10kxex322.htm', '/Archives/edgar/data/86312/000008631223000011/trv-12312022x10kxex322.htm')",EX-32.2,5161
"('trv-12312022x10kxex322.htm', '/Archives/edgar/data/86312/000008631223000011/trv-12312022x10kxex322.htm')",EX-32.2,5161
"('trv-20221231_g1.jpg', '/Archives/edgar/data/86312/000008631223000011/trv-20221231_g1.jpg')",GRAPHIC,124805
"('trv-20221231_g1.jpg', '/Archives/edgar/data/86312/000008631223000011/trv-20221231_g1.jpg')",GRAPHIC,124805
"('trv-20221231_g1.jpg', '/Archives/edgar/data/86312/000008631223000011/trv-20221231_g1.jpg')",GRAPHIC,124805
"('trv-20221231_g1.jpg', '/Archives/edgar/data/86312/000008631223000011/trv-20221231_g1.jpg')",GRAPHIC,124805
"('0000086312-23-000011.txt', '/Archives/edgar/data/86312/000008631223000011/0000086312-23-000011.txt')",,37673268
"('0000086312-23-000011.txt', '/Archives/edgar/data/86312/000008631223000011/0000086312-23-000011.txt')",,37673268
"('0000086312-23-000011.txt', '/Archives/edgar/data/86312/000008631223000011/0000086312-23-000011.txt')",,37673268
"('0000086312-23-000011.txt', '/Archives/edgar/data/86312/000008631223000011/0000086312-23-000011.txt')",,37673268
