text and hyperlink,form type,size
"('axp-20221231.htm', '/ix?doc=/Archives/edgar/data/4962/000000496223000006/axp-20221231.htm')",10-K,5852760
"('axp-20221231.htm', '/ix?doc=/Archives/edgar/data/4962/000000496223000006/axp-20221231.htm')",10-K,5852760
"('axp-20221231.htm', '/ix?doc=/Archives/edgar/data/4962/000000496223000006/axp-20221231.htm')",10-K,5852760
"('axp-20221231.htm', '/ix?doc=/Archives/edgar/data/4962/000000496223000006/axp-20221231.htm')",10-K,5852760
"('axp-20221231exx101.htm', '/Archives/edgar/data/4962/000000496223000006/axp-20221231exx101.htm')",EX-10.1,62884
"('axp-20221231exx101.htm', '/Archives/edgar/data/4962/000000496223000006/axp-20221231exx101.htm')",EX-10.1,62884
"('axp-20221231exx101.htm', '/Archives/edgar/data/4962/000000496223000006/axp-20221231exx101.htm')",EX-10.1,62884
"('axp-20221231exx101.htm', '/Archives/edgar/data/4962/000000496223000006/axp-20221231exx101.htm')",EX-10.1,62884
"('axp-20221231exx1020.htm', '/Archives/edgar/data/4962/000000496223000006/axp-20221231exx1020.htm')",EX-10.20,458017
"('axp-20221231exx1020.htm', '/Archives/edgar/data/4962/000000496223000006/axp-20221231exx1020.htm')",EX-10.20,458017
"('axp-20221231exx1020.htm', '/Archives/edgar/data/4962/000000496223000006/axp-20221231exx1020.htm')",EX-10.20,458017
"('axp-20221231exx1020.htm', '/Archives/edgar/data/4962/000000496223000006/axp-20221231exx1020.htm')",EX-10.20,458017
"('axp-20221231exx1022.htm', '/Archives/edgar/data/4962/000000496223000006/axp-20221231exx1022.htm')",EX-10.22,4827
"('axp-20221231exx1022.htm', '/Archives/edgar/data/4962/000000496223000006/axp-20221231exx1022.htm')",EX-10.22,4827
"('axp-20221231exx1022.htm', '/Archives/edgar/data/4962/000000496223000006/axp-20221231exx1022.htm')",EX-10.22,4827
"('axp-20221231exx1022.htm', '/Archives/edgar/data/4962/000000496223000006/axp-20221231exx1022.htm')",EX-10.22,4827
"('axp-20221231exx1031.htm', '/Archives/edgar/data/4962/000000496223000006/axp-20221231exx1031.htm')",EX-10.31,19272
"('axp-20221231exx1031.htm', '/Archives/edgar/data/4962/000000496223000006/axp-20221231exx1031.htm')",EX-10.31,19272
"('axp-20221231exx1031.htm', '/Archives/edgar/data/4962/000000496223000006/axp-20221231exx1031.htm')",EX-10.31,19272
"('axp-20221231exx1031.htm', '/Archives/edgar/data/4962/000000496223000006/axp-20221231exx1031.htm')",EX-10.31,19272
"('axp-20221231exx21.htm', '/Archives/edgar/data/4962/000000496223000006/axp-20221231exx21.htm')",EX-21,198809
"('axp-20221231exx21.htm', '/Archives/edgar/data/4962/000000496223000006/axp-20221231exx21.htm')",EX-21,198809
"('axp-20221231exx21.htm', '/Archives/edgar/data/4962/000000496223000006/axp-20221231exx21.htm')",EX-21,198809
"('axp-20221231exx21.htm', '/Archives/edgar/data/4962/000000496223000006/axp-20221231exx21.htm')",EX-21,198809
"('axp-20221231exx23.htm', '/Archives/edgar/data/4962/000000496223000006/axp-20221231exx23.htm')",EX-23,2267
"('axp-20221231exx23.htm', '/Archives/edgar/data/4962/000000496223000006/axp-20221231exx23.htm')",EX-23,2267
"('axp-20221231exx23.htm', '/Archives/edgar/data/4962/000000496223000006/axp-20221231exx23.htm')",EX-23,2267
"('axp-20221231exx23.htm', '/Archives/edgar/data/4962/000000496223000006/axp-20221231exx23.htm')",EX-23,2267
"('axp-20221231exx311.htm', '/Archives/edgar/data/4962/000000496223000006/axp-20221231exx311.htm')",EX-31.1,7788
"('axp-20221231exx311.htm', '/Archives/edgar/data/4962/000000496223000006/axp-20221231exx311.htm')",EX-31.1,7788
"('axp-20221231exx311.htm', '/Archives/edgar/data/4962/000000496223000006/axp-20221231exx311.htm')",EX-31.1,7788
"('axp-20221231exx311.htm', '/Archives/edgar/data/4962/000000496223000006/axp-20221231exx311.htm')",EX-31.1,7788
"('axp-20221231exx312.htm', '/Archives/edgar/data/4962/000000496223000006/axp-20221231exx312.htm')",EX-31.2,7959
"('axp-20221231exx312.htm', '/Archives/edgar/data/4962/000000496223000006/axp-20221231exx312.htm')",EX-31.2,7959
"('axp-20221231exx312.htm', '/Archives/edgar/data/4962/000000496223000006/axp-20221231exx312.htm')",EX-31.2,7959
"('axp-20221231exx312.htm', '/Archives/edgar/data/4962/000000496223000006/axp-20221231exx312.htm')",EX-31.2,7959
"('axp-20221231exx321.htm', '/Archives/edgar/data/4962/000000496223000006/axp-20221231exx321.htm')",EX-32.1,5535
"('axp-20221231exx321.htm', '/Archives/edgar/data/4962/000000496223000006/axp-20221231exx321.htm')",EX-32.1,5535
"('axp-20221231exx321.htm', '/Archives/edgar/data/4962/000000496223000006/axp-20221231exx321.htm')",EX-32.1,5535
"('axp-20221231exx321.htm', '/Archives/edgar/data/4962/000000496223000006/axp-20221231exx321.htm')",EX-32.1,5535
"('axp-20221231exx322.htm', '/Archives/edgar/data/4962/000000496223000006/axp-20221231exx322.htm')",EX-32.2,5521
"('axp-20221231exx322.htm', '/Archives/edgar/data/4962/000000496223000006/axp-20221231exx322.htm')",EX-32.2,5521
"('axp-20221231exx322.htm', '/Archives/edgar/data/4962/000000496223000006/axp-20221231exx322.htm')",EX-32.2,5521
"('axp-20221231exx322.htm', '/Archives/edgar/data/4962/000000496223000006/axp-20221231exx322.htm')",EX-32.2,5521
"('axp-20221231_g1.jpg', '/Archives/edgar/data/4962/000000496223000006/axp-20221231_g1.jpg')",GRAPHIC,151417
"('axp-20221231_g1.jpg', '/Archives/edgar/data/4962/000000496223000006/axp-20221231_g1.jpg')",GRAPHIC,151417
"('axp-20221231_g1.jpg', '/Archives/edgar/data/4962/000000496223000006/axp-20221231_g1.jpg')",GRAPHIC,151417
"('axp-20221231_g1.jpg', '/Archives/edgar/data/4962/000000496223000006/axp-20221231_g1.jpg')",GRAPHIC,151417
"('axp-20221231_g2.jpg', '/Archives/edgar/data/4962/000000496223000006/axp-20221231_g2.jpg')",GRAPHIC,71907
"('axp-20221231_g2.jpg', '/Archives/edgar/data/4962/000000496223000006/axp-20221231_g2.jpg')",GRAPHIC,71907
"('axp-20221231_g2.jpg', '/Archives/edgar/data/4962/000000496223000006/axp-20221231_g2.jpg')",GRAPHIC,71907
"('axp-20221231_g2.jpg', '/Archives/edgar/data/4962/000000496223000006/axp-20221231_g2.jpg')",GRAPHIC,71907
"('axp-20221231_g3.jpg', '/Archives/edgar/data/4962/000000496223000006/axp-20221231_g3.jpg')",GRAPHIC,67419
"('axp-20221231_g3.jpg', '/Archives/edgar/data/4962/000000496223000006/axp-20221231_g3.jpg')",GRAPHIC,67419
"('axp-20221231_g3.jpg', '/Archives/edgar/data/4962/000000496223000006/axp-20221231_g3.jpg')",GRAPHIC,67419
"('axp-20221231_g3.jpg', '/Archives/edgar/data/4962/000000496223000006/axp-20221231_g3.jpg')",GRAPHIC,67419
"('axp-20221231_g4.jpg', '/Archives/edgar/data/4962/000000496223000006/axp-20221231_g4.jpg')",GRAPHIC,151169
"('axp-20221231_g4.jpg', '/Archives/edgar/data/4962/000000496223000006/axp-20221231_g4.jpg')",GRAPHIC,151169
"('axp-20221231_g4.jpg', '/Archives/edgar/data/4962/000000496223000006/axp-20221231_g4.jpg')",GRAPHIC,151169
"('axp-20221231_g4.jpg', '/Archives/edgar/data/4962/000000496223000006/axp-20221231_g4.jpg')",GRAPHIC,151169
"('0000004962-23-000006.txt', '/Archives/edgar/data/4962/000000496223000006/0000004962-23-000006.txt')",,25162127
"('0000004962-23-000006.txt', '/Archives/edgar/data/4962/000000496223000006/0000004962-23-000006.txt')",,25162127
"('0000004962-23-000006.txt', '/Archives/edgar/data/4962/000000496223000006/0000004962-23-000006.txt')",,25162127
"('0000004962-23-000006.txt', '/Archives/edgar/data/4962/000000496223000006/0000004962-23-000006.txt')",,25162127
