text and hyperlink,form type,size
"('hsbcusa-20221231.htm', '/ix?doc=/Archives/edgar/data/83246/000008324623000004/hsbcusa-20221231.htm')",10-K,11733355
"('hsbcusa-20221231.htm', '/ix?doc=/Archives/edgar/data/83246/000008324623000004/hsbcusa-20221231.htm')",10-K,11733355
"('hsbcusa-20221231.htm', '/ix?doc=/Archives/edgar/data/83246/000008324623000004/hsbcusa-20221231.htm')",10-K,11733355
"('hsbcusa-20221231.htm', '/ix?doc=/Archives/edgar/data/83246/000008324623000004/hsbcusa-20221231.htm')",10-K,11733355
"('exhibit2312312210-k.htm', '/Archives/edgar/data/83246/000008324623000004/exhibit2312312210-k.htm')",EX-23,2288
"('exhibit2312312210-k.htm', '/Archives/edgar/data/83246/000008324623000004/exhibit2312312210-k.htm')",EX-23,2288
"('exhibit2312312210-k.htm', '/Archives/edgar/data/83246/000008324623000004/exhibit2312312210-k.htm')",EX-23,2288
"('exhibit2312312210-k.htm', '/Archives/edgar/data/83246/000008324623000004/exhibit2312312210-k.htm')",EX-23,2288
"('exhibit3112312210-k.htm', '/Archives/edgar/data/83246/000008324623000004/exhibit3112312210-k.htm')",EX-31,20216
"('exhibit3112312210-k.htm', '/Archives/edgar/data/83246/000008324623000004/exhibit3112312210-k.htm')",EX-31,20216
"('exhibit3112312210-k.htm', '/Archives/edgar/data/83246/000008324623000004/exhibit3112312210-k.htm')",EX-31,20216
"('exhibit3112312210-k.htm', '/Archives/edgar/data/83246/000008324623000004/exhibit3112312210-k.htm')",EX-31,20216
"('exhibit3212312210-k.htm', '/Archives/edgar/data/83246/000008324623000004/exhibit3212312210-k.htm')",EX-32,11565
"('exhibit3212312210-k.htm', '/Archives/edgar/data/83246/000008324623000004/exhibit3212312210-k.htm')",EX-32,11565
"('exhibit3212312210-k.htm', '/Archives/edgar/data/83246/000008324623000004/exhibit3212312210-k.htm')",EX-32,11565
"('exhibit3212312210-k.htm', '/Archives/edgar/data/83246/000008324623000004/exhibit3212312210-k.htm')",EX-32,11565
"('hsbcusa-20221231_g1.jpg', '/Archives/edgar/data/83246/000008324623000004/hsbcusa-20221231_g1.jpg')",GRAPHIC,31294
"('hsbcusa-20221231_g1.jpg', '/Archives/edgar/data/83246/000008324623000004/hsbcusa-20221231_g1.jpg')",GRAPHIC,31294
"('hsbcusa-20221231_g1.jpg', '/Archives/edgar/data/83246/000008324623000004/hsbcusa-20221231_g1.jpg')",GRAPHIC,31294
"('hsbcusa-20221231_g1.jpg', '/Archives/edgar/data/83246/000008324623000004/hsbcusa-20221231_g1.jpg')",GRAPHIC,31294
"('0000083246-23-000004.txt', '/Archives/edgar/data/83246/000008324623000004/0000083246-23-000004.txt')",,49858759
"('0000083246-23-000004.txt', '/Archives/edgar/data/83246/000008324623000004/0000083246-23-000004.txt')",,49858759
"('0000083246-23-000004.txt', '/Archives/edgar/data/83246/000008324623000004/0000083246-23-000004.txt')",,49858759
"('0000083246-23-000004.txt', '/Archives/edgar/data/83246/000008324623000004/0000083246-23-000004.txt')",,49858759
