text and hyperlink,form type,size
"('gs-20221231.htm', '/ix?doc=/Archives/edgar/data/886982/000088698223000003/gs-20221231.htm')",10-K,12826567
"('gs-20221231.htm', '/ix?doc=/Archives/edgar/data/886982/000088698223000003/gs-20221231.htm')",10-K,12826567
"('gs-20221231.htm', '/ix?doc=/Archives/edgar/data/886982/000088698223000003/gs-20221231.htm')",10-K,12826567
"('gs-20221231.htm', '/ix?doc=/Archives/edgar/data/886982/000088698223000003/gs-20221231.htm')",10-K,12826567
"('gs-12312022x10kexhibit41.htm', '/Archives/edgar/data/886982/000088698223000003/gs-12312022x10kexhibit41.htm')",EX-4.1,610838
"('gs-12312022x10kexhibit41.htm', '/Archives/edgar/data/886982/000088698223000003/gs-12312022x10kexhibit41.htm')",EX-4.1,610838
"('gs-12312022x10kexhibit41.htm', '/Archives/edgar/data/886982/000088698223000003/gs-12312022x10kexhibit41.htm')",EX-4.1,610838
"('gs-12312022x10kexhibit41.htm', '/Archives/edgar/data/886982/000088698223000003/gs-12312022x10kexhibit41.htm')",EX-4.1,610838
"('a1037_formxofxnon-employee.htm', '/Archives/edgar/data/886982/000088698223000003/a1037_formxofxnon-employee.htm')",EX-10.37,57537
"('a1037_formxofxnon-employee.htm', '/Archives/edgar/data/886982/000088698223000003/a1037_formxofxnon-employee.htm')",EX-10.37,57537
"('a1037_formxofxnon-employee.htm', '/Archives/edgar/data/886982/000088698223000003/a1037_formxofxnon-employee.htm')",EX-10.37,57537
"('a1037_formxofxnon-employee.htm', '/Archives/edgar/data/886982/000088698223000003/a1037_formxofxnon-employee.htm')",EX-10.37,57537
"('a1038_formofone-timeslashy.htm', '/Archives/edgar/data/886982/000088698223000003/a1038_formofone-timeslashy.htm')",EX-10.38,176851
"('a1038_formofone-timeslashy.htm', '/Archives/edgar/data/886982/000088698223000003/a1038_formofone-timeslashy.htm')",EX-10.38,176851
"('a1038_formofone-timeslashy.htm', '/Archives/edgar/data/886982/000088698223000003/a1038_formofone-timeslashy.htm')",EX-10.38,176851
"('a1038_formofone-timeslashy.htm', '/Archives/edgar/data/886982/000088698223000003/a1038_formofone-timeslashy.htm')",EX-10.38,176851
"('a1039_formxofxyear-endxrsu.htm', '/Archives/edgar/data/886982/000088698223000003/a1039_formxofxyear-endxrsu.htm')",EX-10.39,160213
"('a1039_formxofxyear-endxrsu.htm', '/Archives/edgar/data/886982/000088698223000003/a1039_formxofxyear-endxrsu.htm')",EX-10.39,160213
"('a1039_formxofxyear-endxrsu.htm', '/Archives/edgar/data/886982/000088698223000003/a1039_formxofxyear-endxrsu.htm')",EX-10.39,160213
"('a1039_formxofxyear-endxrsu.htm', '/Archives/edgar/data/886982/000088698223000003/a1039_formxofxyear-endxrsu.htm')",EX-10.39,160213
"('a1040_formxofxyear-endxrsu.htm', '/Archives/edgar/data/886982/000088698223000003/a1040_formxofxyear-endxrsu.htm')",EX-10.40,189686
"('a1040_formxofxyear-endxrsu.htm', '/Archives/edgar/data/886982/000088698223000003/a1040_formxofxyear-endxrsu.htm')",EX-10.40,189686
"('a1040_formxofxyear-endxrsu.htm', '/Archives/edgar/data/886982/000088698223000003/a1040_formxofxyear-endxrsu.htm')",EX-10.40,189686
"('a1040_formxofxyear-endxrsu.htm', '/Archives/edgar/data/886982/000088698223000003/a1040_formxofxyear-endxrsu.htm')",EX-10.40,189686
"('a1041_formxofxyear-endxrsu.htm', '/Archives/edgar/data/886982/000088698223000003/a1041_formxofxyear-endxrsu.htm')",EX-10.41,188863
"('a1041_formxofxyear-endxrsu.htm', '/Archives/edgar/data/886982/000088698223000003/a1041_formxofxyear-endxrsu.htm')",EX-10.41,188863
"('a1041_formxofxyear-endxrsu.htm', '/Archives/edgar/data/886982/000088698223000003/a1041_formxofxyear-endxrsu.htm')",EX-10.41,188863
"('a1041_formxofxyear-endxrsu.htm', '/Archives/edgar/data/886982/000088698223000003/a1041_formxofxyear-endxrsu.htm')",EX-10.41,188863
"('a1042_formxofxyear-endxsho.htm', '/Archives/edgar/data/886982/000088698223000003/a1042_formxofxyear-endxsho.htm')",EX-10.42,140648
"('a1042_formxofxyear-endxsho.htm', '/Archives/edgar/data/886982/000088698223000003/a1042_formxofxyear-endxsho.htm')",EX-10.42,140648
"('a1042_formxofxyear-endxsho.htm', '/Archives/edgar/data/886982/000088698223000003/a1042_formxofxyear-endxsho.htm')",EX-10.42,140648
"('a1042_formxofxyear-endxsho.htm', '/Archives/edgar/data/886982/000088698223000003/a1042_formxofxyear-endxsho.htm')",EX-10.42,140648
"('a1046_formxofxfixedxallowa.htm', '/Archives/edgar/data/886982/000088698223000003/a1046_formxofxfixedxallowa.htm')",EX-10.46,110643
"('a1046_formxofxfixedxallowa.htm', '/Archives/edgar/data/886982/000088698223000003/a1046_formxofxfixedxallowa.htm')",EX-10.46,110643
"('a1046_formxofxfixedxallowa.htm', '/Archives/edgar/data/886982/000088698223000003/a1046_formxofxfixedxallowa.htm')",EX-10.46,110643
"('a1046_formxofxfixedxallowa.htm', '/Archives/edgar/data/886982/000088698223000003/a1046_formxofxfixedxallowa.htm')",EX-10.46,110643
"('a1047_formxofxfixedxallowa.htm', '/Archives/edgar/data/886982/000088698223000003/a1047_formxofxfixedxallowa.htm')",EX-10.47,87126
"('a1047_formxofxfixedxallowa.htm', '/Archives/edgar/data/886982/000088698223000003/a1047_formxofxfixedxallowa.htm')",EX-10.47,87126
"('a1047_formxofxfixedxallowa.htm', '/Archives/edgar/data/886982/000088698223000003/a1047_formxofxfixedxallowa.htm')",EX-10.47,87126
"('a1047_formxofxfixedxallowa.htm', '/Archives/edgar/data/886982/000088698223000003/a1047_formxofxfixedxallowa.htm')",EX-10.47,87126
"('a1049_formxofxperformance-.htm', '/Archives/edgar/data/886982/000088698223000003/a1049_formxofxperformance-.htm')",EX-10.49,176610
"('a1049_formxofxperformance-.htm', '/Archives/edgar/data/886982/000088698223000003/a1049_formxofxperformance-.htm')",EX-10.49,176610
"('a1049_formxofxperformance-.htm', '/Archives/edgar/data/886982/000088698223000003/a1049_formxofxperformance-.htm')",EX-10.49,176610
"('a1049_formxofxperformance-.htm', '/Archives/edgar/data/886982/000088698223000003/a1049_formxofxperformance-.htm')",EX-10.49,176610
"('a1050_formxofxperformance-.htm', '/Archives/edgar/data/886982/000088698223000003/a1050_formxofxperformance-.htm')",EX-10.50,190183
"('a1050_formxofxperformance-.htm', '/Archives/edgar/data/886982/000088698223000003/a1050_formxofxperformance-.htm')",EX-10.50,190183
"('a1050_formxofxperformance-.htm', '/Archives/edgar/data/886982/000088698223000003/a1050_formxofxperformance-.htm')",EX-10.50,190183
"('a1050_formxofxperformance-.htm', '/Archives/edgar/data/886982/000088698223000003/a1050_formxofxperformance-.htm')",EX-10.50,190183
"('a1052_formxofxsignaturexca.htm', '/Archives/edgar/data/886982/000088698223000003/a1052_formxofxsignaturexca.htm')",EX-10.52,152664
"('a1052_formxofxsignaturexca.htm', '/Archives/edgar/data/886982/000088698223000003/a1052_formxofxsignaturexca.htm')",EX-10.52,152664
"('a1052_formxofxsignaturexca.htm', '/Archives/edgar/data/886982/000088698223000003/a1052_formxofxsignaturexca.htm')",EX-10.52,152664
"('a1052_formxofxsignaturexca.htm', '/Archives/edgar/data/886982/000088698223000003/a1052_formxofxsignaturexca.htm')",EX-10.52,152664
"('gs-12312022exhibit211.htm', '/Archives/edgar/data/886982/000088698223000003/gs-12312022exhibit211.htm')",EX-21.1,54204
"('gs-12312022exhibit211.htm', '/Archives/edgar/data/886982/000088698223000003/gs-12312022exhibit211.htm')",EX-21.1,54204
"('gs-12312022exhibit211.htm', '/Archives/edgar/data/886982/000088698223000003/gs-12312022exhibit211.htm')",EX-21.1,54204
"('gs-12312022exhibit211.htm', '/Archives/edgar/data/886982/000088698223000003/gs-12312022exhibit211.htm')",EX-21.1,54204
"('gs-12312022x10kexhibit231.htm', '/Archives/edgar/data/886982/000088698223000003/gs-12312022x10kexhibit231.htm')",EX-23.1,2597
"('gs-12312022x10kexhibit231.htm', '/Archives/edgar/data/886982/000088698223000003/gs-12312022x10kexhibit231.htm')",EX-23.1,2597
"('gs-12312022x10kexhibit231.htm', '/Archives/edgar/data/886982/000088698223000003/gs-12312022x10kexhibit231.htm')",EX-23.1,2597
"('gs-12312022x10kexhibit231.htm', '/Archives/edgar/data/886982/000088698223000003/gs-12312022x10kexhibit231.htm')",EX-23.1,2597
"('gs-12312022x10kexhibit311.htm', '/Archives/edgar/data/886982/000088698223000003/gs-12312022x10kexhibit311.htm')",EX-31.1,28290
"('gs-12312022x10kexhibit311.htm', '/Archives/edgar/data/886982/000088698223000003/gs-12312022x10kexhibit311.htm')",EX-31.1,28290
"('gs-12312022x10kexhibit311.htm', '/Archives/edgar/data/886982/000088698223000003/gs-12312022x10kexhibit311.htm')",EX-31.1,28290
"('gs-12312022x10kexhibit311.htm', '/Archives/edgar/data/886982/000088698223000003/gs-12312022x10kexhibit311.htm')",EX-31.1,28290
"('gs-12312022x10kexhibit321.htm', '/Archives/edgar/data/886982/000088698223000003/gs-12312022x10kexhibit321.htm')",EX-32.1,15943
"('gs-12312022x10kexhibit321.htm', '/Archives/edgar/data/886982/000088698223000003/gs-12312022x10kexhibit321.htm')",EX-32.1,15943
"('gs-12312022x10kexhibit321.htm', '/Archives/edgar/data/886982/000088698223000003/gs-12312022x10kexhibit321.htm')",EX-32.1,15943
"('gs-12312022x10kexhibit321.htm', '/Archives/edgar/data/886982/000088698223000003/gs-12312022x10kexhibit321.htm')",EX-32.1,15943
"('gs-20221231_g1.jpg', '/Archives/edgar/data/886982/000088698223000003/gs-20221231_g1.jpg')",GRAPHIC,59974
"('gs-20221231_g1.jpg', '/Archives/edgar/data/886982/000088698223000003/gs-20221231_g1.jpg')",GRAPHIC,59974
"('gs-20221231_g1.jpg', '/Archives/edgar/data/886982/000088698223000003/gs-20221231_g1.jpg')",GRAPHIC,59974
"('gs-20221231_g1.jpg', '/Archives/edgar/data/886982/000088698223000003/gs-20221231_g1.jpg')",GRAPHIC,59974
"('gs-20221231_g2.jpg', '/Archives/edgar/data/886982/000088698223000003/gs-20221231_g2.jpg')",GRAPHIC,51564
"('gs-20221231_g2.jpg', '/Archives/edgar/data/886982/000088698223000003/gs-20221231_g2.jpg')",GRAPHIC,51564
"('gs-20221231_g2.jpg', '/Archives/edgar/data/886982/000088698223000003/gs-20221231_g2.jpg')",GRAPHIC,51564
"('gs-20221231_g2.jpg', '/Archives/edgar/data/886982/000088698223000003/gs-20221231_g2.jpg')",GRAPHIC,51564
"('gs-20221231_g3.jpg', '/Archives/edgar/data/886982/000088698223000003/gs-20221231_g3.jpg')",GRAPHIC,51054
"('gs-20221231_g3.jpg', '/Archives/edgar/data/886982/000088698223000003/gs-20221231_g3.jpg')",GRAPHIC,51054
"('gs-20221231_g3.jpg', '/Archives/edgar/data/886982/000088698223000003/gs-20221231_g3.jpg')",GRAPHIC,51054
"('gs-20221231_g3.jpg', '/Archives/edgar/data/886982/000088698223000003/gs-20221231_g3.jpg')",GRAPHIC,51054
"('gs-20221231_g4.jpg', '/Archives/edgar/data/886982/000088698223000003/gs-20221231_g4.jpg')",GRAPHIC,36705
"('gs-20221231_g4.jpg', '/Archives/edgar/data/886982/000088698223000003/gs-20221231_g4.jpg')",GRAPHIC,36705
"('gs-20221231_g4.jpg', '/Archives/edgar/data/886982/000088698223000003/gs-20221231_g4.jpg')",GRAPHIC,36705
"('gs-20221231_g4.jpg', '/Archives/edgar/data/886982/000088698223000003/gs-20221231_g4.jpg')",GRAPHIC,36705
"('0000886982-23-000003.txt', '/Archives/edgar/data/886982/000088698223000003/0000886982-23-000003.txt')",,56003279
"('0000886982-23-000003.txt', '/Archives/edgar/data/886982/000088698223000003/0000886982-23-000003.txt')",,56003279
"('0000886982-23-000003.txt', '/Archives/edgar/data/886982/000088698223000003/0000886982-23-000003.txt')",,56003279
"('0000886982-23-000003.txt', '/Archives/edgar/data/886982/000088698223000003/0000886982-23-000003.txt')",,56003279
