text and hyperlink,form type,size
"('wfc-20221231.htm', '/ix?doc=/Archives/edgar/data/72971/000007297123000071/wfc-20221231.htm')",10-K,2119556
"('wfc-20221231.htm', '/ix?doc=/Archives/edgar/data/72971/000007297123000071/wfc-20221231.htm')",10-K,2119556
"('wfc-20221231.htm', '/ix?doc=/Archives/edgar/data/72971/000007297123000071/wfc-20221231.htm')",10-K,2119556
"('wfc-20221231.htm', '/ix?doc=/Archives/edgar/data/72971/000007297123000071/wfc-20221231.htm')",10-K,2119556
"('wfc-1231x2022xex4c.htm', '/Archives/edgar/data/72971/000007297123000071/wfc-1231x2022xex4c.htm')",EX-4.C,351448
"('wfc-1231x2022xex4c.htm', '/Archives/edgar/data/72971/000007297123000071/wfc-1231x2022xex4c.htm')",EX-4.C,351448
"('wfc-1231x2022xex4c.htm', '/Archives/edgar/data/72971/000007297123000071/wfc-1231x2022xex4c.htm')",EX-4.C,351448
"('wfc-1231x2022xex4c.htm', '/Archives/edgar/data/72971/000007297123000071/wfc-1231x2022xex4c.htm')",EX-4.C,351448
"('wfc-1231x2022xex10a.htm', '/Archives/edgar/data/72971/000007297123000071/wfc-1231x2022xex10a.htm')",EX-10.A,291154
"('wfc-1231x2022xex10a.htm', '/Archives/edgar/data/72971/000007297123000071/wfc-1231x2022xex10a.htm')",EX-10.A,291154
"('wfc-1231x2022xex10a.htm', '/Archives/edgar/data/72971/000007297123000071/wfc-1231x2022xex10a.htm')",EX-10.A,291154
"('wfc-1231x2022xex10a.htm', '/Archives/edgar/data/72971/000007297123000071/wfc-1231x2022xex10a.htm')",EX-10.A,291154
"('wfc-1231x2022xex10b.htm', '/Archives/edgar/data/72971/000007297123000071/wfc-1231x2022xex10b.htm')",EX-10.B,106468
"('wfc-1231x2022xex10b.htm', '/Archives/edgar/data/72971/000007297123000071/wfc-1231x2022xex10b.htm')",EX-10.B,106468
"('wfc-1231x2022xex10b.htm', '/Archives/edgar/data/72971/000007297123000071/wfc-1231x2022xex10b.htm')",EX-10.B,106468
"('wfc-1231x2022xex10b.htm', '/Archives/edgar/data/72971/000007297123000071/wfc-1231x2022xex10b.htm')",EX-10.B,106468
"('wfc-20221231_d2.htm', '/ix?doc=/Archives/edgar/data/72971/000007297123000071/wfc-20221231_d2.htm')",EX-13,14989137
"('wfc-20221231_d2.htm', '/ix?doc=/Archives/edgar/data/72971/000007297123000071/wfc-20221231_d2.htm')",EX-13,14989137
"('wfc-20221231_d2.htm', '/ix?doc=/Archives/edgar/data/72971/000007297123000071/wfc-20221231_d2.htm')",EX-13,14989137
"('wfc-20221231_d2.htm', '/ix?doc=/Archives/edgar/data/72971/000007297123000071/wfc-20221231_d2.htm')",EX-13,14989137
"('wfc-1231x2022xex21.htm', '/Archives/edgar/data/72971/000007297123000071/wfc-1231x2022xex21.htm')",EX-21,12758
"('wfc-1231x2022xex21.htm', '/Archives/edgar/data/72971/000007297123000071/wfc-1231x2022xex21.htm')",EX-21,12758
"('wfc-1231x2022xex21.htm', '/Archives/edgar/data/72971/000007297123000071/wfc-1231x2022xex21.htm')",EX-21,12758
"('wfc-1231x2022xex21.htm', '/Archives/edgar/data/72971/000007297123000071/wfc-1231x2022xex21.htm')",EX-21,12758
"('wfc-1231x2022xex23.htm', '/Archives/edgar/data/72971/000007297123000071/wfc-1231x2022xex23.htm')",EX-23,17372
"('wfc-1231x2022xex23.htm', '/Archives/edgar/data/72971/000007297123000071/wfc-1231x2022xex23.htm')",EX-23,17372
"('wfc-1231x2022xex23.htm', '/Archives/edgar/data/72971/000007297123000071/wfc-1231x2022xex23.htm')",EX-23,17372
"('wfc-1231x2022xex23.htm', '/Archives/edgar/data/72971/000007297123000071/wfc-1231x2022xex23.htm')",EX-23,17372
"('wfc-1231x2022xex24.htm', '/Archives/edgar/data/72971/000007297123000071/wfc-1231x2022xex24.htm')",EX-24,7494
"('wfc-1231x2022xex24.htm', '/Archives/edgar/data/72971/000007297123000071/wfc-1231x2022xex24.htm')",EX-24,7494
"('wfc-1231x2022xex24.htm', '/Archives/edgar/data/72971/000007297123000071/wfc-1231x2022xex24.htm')",EX-24,7494
"('wfc-1231x2022xex24.htm', '/Archives/edgar/data/72971/000007297123000071/wfc-1231x2022xex24.htm')",EX-24,7494
"('wfc-1231x2022xex31a.htm', '/Archives/edgar/data/72971/000007297123000071/wfc-1231x2022xex31a.htm')",EX-31.A,11051
"('wfc-1231x2022xex31a.htm', '/Archives/edgar/data/72971/000007297123000071/wfc-1231x2022xex31a.htm')",EX-31.A,11051
"('wfc-1231x2022xex31a.htm', '/Archives/edgar/data/72971/000007297123000071/wfc-1231x2022xex31a.htm')",EX-31.A,11051
"('wfc-1231x2022xex31a.htm', '/Archives/edgar/data/72971/000007297123000071/wfc-1231x2022xex31a.htm')",EX-31.A,11051
"('wfc-1231x2022xex31b.htm', '/Archives/edgar/data/72971/000007297123000071/wfc-1231x2022xex31b.htm')",EX-31.B,11284
"('wfc-1231x2022xex31b.htm', '/Archives/edgar/data/72971/000007297123000071/wfc-1231x2022xex31b.htm')",EX-31.B,11284
"('wfc-1231x2022xex31b.htm', '/Archives/edgar/data/72971/000007297123000071/wfc-1231x2022xex31b.htm')",EX-31.B,11284
"('wfc-1231x2022xex31b.htm', '/Archives/edgar/data/72971/000007297123000071/wfc-1231x2022xex31b.htm')",EX-31.B,11284
"('wfc-1231x2022xex32a.htm', '/Archives/edgar/data/72971/000007297123000071/wfc-1231x2022xex32a.htm')",EX-32.A,7001
"('wfc-1231x2022xex32a.htm', '/Archives/edgar/data/72971/000007297123000071/wfc-1231x2022xex32a.htm')",EX-32.A,7001
"('wfc-1231x2022xex32a.htm', '/Archives/edgar/data/72971/000007297123000071/wfc-1231x2022xex32a.htm')",EX-32.A,7001
"('wfc-1231x2022xex32a.htm', '/Archives/edgar/data/72971/000007297123000071/wfc-1231x2022xex32a.htm')",EX-32.A,7001
"('wfc-1231x2022xex32b.htm', '/Archives/edgar/data/72971/000007297123000071/wfc-1231x2022xex32b.htm')",EX-32.B,6733
"('wfc-1231x2022xex32b.htm', '/Archives/edgar/data/72971/000007297123000071/wfc-1231x2022xex32b.htm')",EX-32.B,6733
"('wfc-1231x2022xex32b.htm', '/Archives/edgar/data/72971/000007297123000071/wfc-1231x2022xex32b.htm')",EX-32.B,6733
"('wfc-1231x2022xex32b.htm', '/Archives/edgar/data/72971/000007297123000071/wfc-1231x2022xex32b.htm')",EX-32.B,6733
"('wfc-1231x2022xex99.htm', '/Archives/edgar/data/72971/000007297123000071/wfc-1231x2022xex99.htm')",EX-99,3416
"('wfc-1231x2022xex99.htm', '/Archives/edgar/data/72971/000007297123000071/wfc-1231x2022xex99.htm')",EX-99,3416
"('wfc-1231x2022xex99.htm', '/Archives/edgar/data/72971/000007297123000071/wfc-1231x2022xex99.htm')",EX-99,3416
"('wfc-1231x2022xex99.htm', '/Archives/edgar/data/72971/000007297123000071/wfc-1231x2022xex99.htm')",EX-99,3416
"('image_01a.jpg', '/Archives/edgar/data/72971/000007297123000071/image_01a.jpg')",GRAPHIC,7200
"('image_01a.jpg', '/Archives/edgar/data/72971/000007297123000071/image_01a.jpg')",GRAPHIC,7200
"('image_01a.jpg', '/Archives/edgar/data/72971/000007297123000071/image_01a.jpg')",GRAPHIC,7200
"('image_01a.jpg', '/Archives/edgar/data/72971/000007297123000071/image_01a.jpg')",GRAPHIC,7200
"('image_02a.jpg', '/Archives/edgar/data/72971/000007297123000071/image_02a.jpg')",GRAPHIC,4765
"('image_02a.jpg', '/Archives/edgar/data/72971/000007297123000071/image_02a.jpg')",GRAPHIC,4765
"('image_02a.jpg', '/Archives/edgar/data/72971/000007297123000071/image_02a.jpg')",GRAPHIC,4765
"('image_02a.jpg', '/Archives/edgar/data/72971/000007297123000071/image_02a.jpg')",GRAPHIC,4765
"('image_0a.jpg', '/Archives/edgar/data/72971/000007297123000071/image_0a.jpg')",GRAPHIC,18662
"('image_0a.jpg', '/Archives/edgar/data/72971/000007297123000071/image_0a.jpg')",GRAPHIC,18662
"('image_0a.jpg', '/Archives/edgar/data/72971/000007297123000071/image_0a.jpg')",GRAPHIC,18662
"('image_0a.jpg', '/Archives/edgar/data/72971/000007297123000071/image_0a.jpg')",GRAPHIC,18662
"('image_1a.jpg', '/Archives/edgar/data/72971/000007297123000071/image_1a.jpg')",GRAPHIC,117107
"('image_1a.jpg', '/Archives/edgar/data/72971/000007297123000071/image_1a.jpg')",GRAPHIC,117107
"('image_1a.jpg', '/Archives/edgar/data/72971/000007297123000071/image_1a.jpg')",GRAPHIC,117107
"('image_1a.jpg', '/Archives/edgar/data/72971/000007297123000071/image_1a.jpg')",GRAPHIC,117107
"('image_2a.jpg', '/Archives/edgar/data/72971/000007297123000071/image_2a.jpg')",GRAPHIC,51660
"('image_2a.jpg', '/Archives/edgar/data/72971/000007297123000071/image_2a.jpg')",GRAPHIC,51660
"('image_2a.jpg', '/Archives/edgar/data/72971/000007297123000071/image_2a.jpg')",GRAPHIC,51660
"('image_2a.jpg', '/Archives/edgar/data/72971/000007297123000071/image_2a.jpg')",GRAPHIC,51660
"('image_3a.jpg', '/Archives/edgar/data/72971/000007297123000071/image_3a.jpg')",GRAPHIC,2991
"('image_3a.jpg', '/Archives/edgar/data/72971/000007297123000071/image_3a.jpg')",GRAPHIC,2991
"('image_3a.jpg', '/Archives/edgar/data/72971/000007297123000071/image_3a.jpg')",GRAPHIC,2991
"('image_3a.jpg', '/Archives/edgar/data/72971/000007297123000071/image_3a.jpg')",GRAPHIC,2991
"('kpmgsignature.jpg', '/Archives/edgar/data/72971/000007297123000071/kpmgsignature.jpg')",GRAPHIC,9503
"('kpmgsignature.jpg', '/Archives/edgar/data/72971/000007297123000071/kpmgsignature.jpg')",GRAPHIC,9503
"('kpmgsignature.jpg', '/Archives/edgar/data/72971/000007297123000071/kpmgsignature.jpg')",GRAPHIC,9503
"('kpmgsignature.jpg', '/Archives/edgar/data/72971/000007297123000071/kpmgsignature.jpg')",GRAPHIC,9503
"('wfc-20221231_g1.jpg', '/Archives/edgar/data/72971/000007297123000071/wfc-20221231_g1.jpg')",GRAPHIC,51150
"('wfc-20221231_g1.jpg', '/Archives/edgar/data/72971/000007297123000071/wfc-20221231_g1.jpg')",GRAPHIC,51150
"('wfc-20221231_g1.jpg', '/Archives/edgar/data/72971/000007297123000071/wfc-20221231_g1.jpg')",GRAPHIC,51150
"('wfc-20221231_g1.jpg', '/Archives/edgar/data/72971/000007297123000071/wfc-20221231_g1.jpg')",GRAPHIC,51150
"('wfc-20221231_g2.jpg', '/Archives/edgar/data/72971/000007297123000071/wfc-20221231_g2.jpg')",GRAPHIC,50211
"('wfc-20221231_g2.jpg', '/Archives/edgar/data/72971/000007297123000071/wfc-20221231_g2.jpg')",GRAPHIC,50211
"('wfc-20221231_g2.jpg', '/Archives/edgar/data/72971/000007297123000071/wfc-20221231_g2.jpg')",GRAPHIC,50211
"('wfc-20221231_g2.jpg', '/Archives/edgar/data/72971/000007297123000071/wfc-20221231_g2.jpg')",GRAPHIC,50211
"('wfc-20221231_g3.jpg', '/Archives/edgar/data/72971/000007297123000071/wfc-20221231_g3.jpg')",GRAPHIC,28172
"('wfc-20221231_g3.jpg', '/Archives/edgar/data/72971/000007297123000071/wfc-20221231_g3.jpg')",GRAPHIC,28172
"('wfc-20221231_g3.jpg', '/Archives/edgar/data/72971/000007297123000071/wfc-20221231_g3.jpg')",GRAPHIC,28172
"('wfc-20221231_g3.jpg', '/Archives/edgar/data/72971/000007297123000071/wfc-20221231_g3.jpg')",GRAPHIC,28172
"('wfc-20221231_g4.jpg', '/Archives/edgar/data/72971/000007297123000071/wfc-20221231_g4.jpg')",GRAPHIC,9503
"('wfc-20221231_g4.jpg', '/Archives/edgar/data/72971/000007297123000071/wfc-20221231_g4.jpg')",GRAPHIC,9503
"('wfc-20221231_g4.jpg', '/Archives/edgar/data/72971/000007297123000071/wfc-20221231_g4.jpg')",GRAPHIC,9503
"('wfc-20221231_g4.jpg', '/Archives/edgar/data/72971/000007297123000071/wfc-20221231_g4.jpg')",GRAPHIC,9503
"('0000072971-23-000071.txt', '/Archives/edgar/data/72971/000007297123000071/0000072971-23-000071.txt')",,68392449
"('0000072971-23-000071.txt', '/Archives/edgar/data/72971/000007297123000071/0000072971-23-000071.txt')",,68392449
"('0000072971-23-000071.txt', '/Archives/edgar/data/72971/000007297123000071/0000072971-23-000071.txt')",,68392449
"('0000072971-23-000071.txt', '/Archives/edgar/data/72971/000007297123000071/0000072971-23-000071.txt')",,68392449
