text and hyperlink,form type,size
"('pnc-20221231.htm', '/ix?doc=/Archives/edgar/data/713676/000071367623000020/pnc-20221231.htm')",10-K,11056176
"('pnc-20221231.htm', '/ix?doc=/Archives/edgar/data/713676/000071367623000020/pnc-20221231.htm')",10-K,11056176
"('pnc-20221231.htm', '/ix?doc=/Archives/edgar/data/713676/000071367623000020/pnc-20221231.htm')",10-K,11056176
"('pnc-20221231.htm', '/ix?doc=/Archives/edgar/data/713676/000071367623000020/pnc-20221231.htm')",10-K,11056176
"('ex32corpbylaws172022fina.htm', '/Archives/edgar/data/713676/000071367623000020/ex32corpbylaws172022fina.htm')",EX-3.2,112621
"('ex32corpbylaws172022fina.htm', '/Archives/edgar/data/713676/000071367623000020/ex32corpbylaws172022fina.htm')",EX-3.2,112621
"('ex32corpbylaws172022fina.htm', '/Archives/edgar/data/713676/000071367623000020/ex32corpbylaws172022fina.htm')",EX-3.2,112621
"('ex32corpbylaws172022fina.htm', '/Archives/edgar/data/713676/000071367623000020/ex32corpbylaws172022fina.htm')",EX-3.2,112621
"('exhibit414descriptionofs.htm', '/Archives/edgar/data/713676/000071367623000020/exhibit414descriptionofs.htm')",EX-4.14,68419
"('exhibit414descriptionofs.htm', '/Archives/edgar/data/713676/000071367623000020/exhibit414descriptionofs.htm')",EX-4.14,68419
"('exhibit414descriptionofs.htm', '/Archives/edgar/data/713676/000071367623000020/exhibit414descriptionofs.htm')",EX-4.14,68419
"('exhibit414descriptionofs.htm', '/Archives/edgar/data/713676/000071367623000020/exhibit414descriptionofs.htm')",EX-4.14,68419
"('exhibit102erisaexcesspen.htm', '/Archives/edgar/data/713676/000071367623000020/exhibit102erisaexcesspen.htm')",EX-10.2,47805
"('exhibit102erisaexcesspen.htm', '/Archives/edgar/data/713676/000071367623000020/exhibit102erisaexcesspen.htm')",EX-10.2,47805
"('exhibit102erisaexcesspen.htm', '/Archives/edgar/data/713676/000071367623000020/exhibit102erisaexcesspen.htm')",EX-10.2,47805
"('exhibit102erisaexcesspen.htm', '/Archives/edgar/data/713676/000071367623000020/exhibit102erisaexcesspen.htm')",EX-10.2,47805
"('pnc-12312022xex21.htm', '/Archives/edgar/data/713676/000071367623000020/pnc-12312022xex21.htm')",EX-21,1371
"('pnc-12312022xex21.htm', '/Archives/edgar/data/713676/000071367623000020/pnc-12312022xex21.htm')",EX-21,1371
"('pnc-12312022xex21.htm', '/Archives/edgar/data/713676/000071367623000020/pnc-12312022xex21.htm')",EX-21,1371
"('pnc-12312022xex21.htm', '/Archives/edgar/data/713676/000071367623000020/pnc-12312022xex21.htm')",EX-21,1371
"('pnc-12312022xex22.htm', '/Archives/edgar/data/713676/000071367623000020/pnc-12312022xex22.htm')",EX-22,3014
"('pnc-12312022xex22.htm', '/Archives/edgar/data/713676/000071367623000020/pnc-12312022xex22.htm')",EX-22,3014
"('pnc-12312022xex22.htm', '/Archives/edgar/data/713676/000071367623000020/pnc-12312022xex22.htm')",EX-22,3014
"('pnc-12312022xex22.htm', '/Archives/edgar/data/713676/000071367623000020/pnc-12312022xex22.htm')",EX-22,3014
"('exhibit231signed.htm', '/Archives/edgar/data/713676/000071367623000020/exhibit231signed.htm')",EX-23.1,1338
"('exhibit231signed.htm', '/Archives/edgar/data/713676/000071367623000020/exhibit231signed.htm')",EX-23.1,1338
"('exhibit231signed.htm', '/Archives/edgar/data/713676/000071367623000020/exhibit231signed.htm')",EX-23.1,1338
"('exhibit231signed.htm', '/Archives/edgar/data/713676/000071367623000020/exhibit231signed.htm')",EX-23.1,1338
"('exhibit24.htm', '/Archives/edgar/data/713676/000071367623000020/exhibit24.htm')",EX-24,4755
"('exhibit24.htm', '/Archives/edgar/data/713676/000071367623000020/exhibit24.htm')",EX-24,4755
"('exhibit24.htm', '/Archives/edgar/data/713676/000071367623000020/exhibit24.htm')",EX-24,4755
"('exhibit24.htm', '/Archives/edgar/data/713676/000071367623000020/exhibit24.htm')",EX-24,4755
"('pnc-12312022xex311.htm', '/Archives/edgar/data/713676/000071367623000020/pnc-12312022xex311.htm')",EX-31.1,10146
"('pnc-12312022xex311.htm', '/Archives/edgar/data/713676/000071367623000020/pnc-12312022xex311.htm')",EX-31.1,10146
"('pnc-12312022xex311.htm', '/Archives/edgar/data/713676/000071367623000020/pnc-12312022xex311.htm')",EX-31.1,10146
"('pnc-12312022xex311.htm', '/Archives/edgar/data/713676/000071367623000020/pnc-12312022xex311.htm')",EX-31.1,10146
"('pnc-12312022xex312.htm', '/Archives/edgar/data/713676/000071367623000020/pnc-12312022xex312.htm')",EX-31.2,10147
"('pnc-12312022xex312.htm', '/Archives/edgar/data/713676/000071367623000020/pnc-12312022xex312.htm')",EX-31.2,10147
"('pnc-12312022xex312.htm', '/Archives/edgar/data/713676/000071367623000020/pnc-12312022xex312.htm')",EX-31.2,10147
"('pnc-12312022xex312.htm', '/Archives/edgar/data/713676/000071367623000020/pnc-12312022xex312.htm')",EX-31.2,10147
"('pnc-12312022xex321.htm', '/Archives/edgar/data/713676/000071367623000020/pnc-12312022xex321.htm')",EX-32.1,5312
"('pnc-12312022xex321.htm', '/Archives/edgar/data/713676/000071367623000020/pnc-12312022xex321.htm')",EX-32.1,5312
"('pnc-12312022xex321.htm', '/Archives/edgar/data/713676/000071367623000020/pnc-12312022xex321.htm')",EX-32.1,5312
"('pnc-12312022xex321.htm', '/Archives/edgar/data/713676/000071367623000020/pnc-12312022xex321.htm')",EX-32.1,5312
"('pnc-12312022xex322.htm', '/Archives/edgar/data/713676/000071367623000020/pnc-12312022xex322.htm')",EX-32.2,5232
"('pnc-12312022xex322.htm', '/Archives/edgar/data/713676/000071367623000020/pnc-12312022xex322.htm')",EX-32.2,5232
"('pnc-12312022xex322.htm', '/Archives/edgar/data/713676/000071367623000020/pnc-12312022xex322.htm')",EX-32.2,5232
"('pnc-12312022xex322.htm', '/Archives/edgar/data/713676/000071367623000020/pnc-12312022xex322.htm')",EX-32.2,5232
"('ex32corpbylaws172022fina001.jpg', '/Archives/edgar/data/713676/000071367623000020/ex32corpbylaws172022fina001.jpg')",GRAPHIC,157240
"('ex32corpbylaws172022fina001.jpg', '/Archives/edgar/data/713676/000071367623000020/ex32corpbylaws172022fina001.jpg')",GRAPHIC,157240
"('ex32corpbylaws172022fina001.jpg', '/Archives/edgar/data/713676/000071367623000020/ex32corpbylaws172022fina001.jpg')",GRAPHIC,157240
"('ex32corpbylaws172022fina001.jpg', '/Archives/edgar/data/713676/000071367623000020/ex32corpbylaws172022fina001.jpg')",GRAPHIC,157240
"('ex32corpbylaws172022fina002.jpg', '/Archives/edgar/data/713676/000071367623000020/ex32corpbylaws172022fina002.jpg')",GRAPHIC,279085
"('ex32corpbylaws172022fina002.jpg', '/Archives/edgar/data/713676/000071367623000020/ex32corpbylaws172022fina002.jpg')",GRAPHIC,279085
"('ex32corpbylaws172022fina002.jpg', '/Archives/edgar/data/713676/000071367623000020/ex32corpbylaws172022fina002.jpg')",GRAPHIC,279085
"('ex32corpbylaws172022fina002.jpg', '/Archives/edgar/data/713676/000071367623000020/ex32corpbylaws172022fina002.jpg')",GRAPHIC,279085
"('ex32corpbylaws172022fina003.jpg', '/Archives/edgar/data/713676/000071367623000020/ex32corpbylaws172022fina003.jpg')",GRAPHIC,270962
"('ex32corpbylaws172022fina003.jpg', '/Archives/edgar/data/713676/000071367623000020/ex32corpbylaws172022fina003.jpg')",GRAPHIC,270962
"('ex32corpbylaws172022fina003.jpg', '/Archives/edgar/data/713676/000071367623000020/ex32corpbylaws172022fina003.jpg')",GRAPHIC,270962
"('ex32corpbylaws172022fina003.jpg', '/Archives/edgar/data/713676/000071367623000020/ex32corpbylaws172022fina003.jpg')",GRAPHIC,270962
"('ex32corpbylaws172022fina004.jpg', '/Archives/edgar/data/713676/000071367623000020/ex32corpbylaws172022fina004.jpg')",GRAPHIC,307429
"('ex32corpbylaws172022fina004.jpg', '/Archives/edgar/data/713676/000071367623000020/ex32corpbylaws172022fina004.jpg')",GRAPHIC,307429
"('ex32corpbylaws172022fina004.jpg', '/Archives/edgar/data/713676/000071367623000020/ex32corpbylaws172022fina004.jpg')",GRAPHIC,307429
"('ex32corpbylaws172022fina004.jpg', '/Archives/edgar/data/713676/000071367623000020/ex32corpbylaws172022fina004.jpg')",GRAPHIC,307429
"('ex32corpbylaws172022fina005.jpg', '/Archives/edgar/data/713676/000071367623000020/ex32corpbylaws172022fina005.jpg')",GRAPHIC,290131
"('ex32corpbylaws172022fina005.jpg', '/Archives/edgar/data/713676/000071367623000020/ex32corpbylaws172022fina005.jpg')",GRAPHIC,290131
"('ex32corpbylaws172022fina005.jpg', '/Archives/edgar/data/713676/000071367623000020/ex32corpbylaws172022fina005.jpg')",GRAPHIC,290131
"('ex32corpbylaws172022fina005.jpg', '/Archives/edgar/data/713676/000071367623000020/ex32corpbylaws172022fina005.jpg')",GRAPHIC,290131
"('ex32corpbylaws172022fina006.jpg', '/Archives/edgar/data/713676/000071367623000020/ex32corpbylaws172022fina006.jpg')",GRAPHIC,274170
"('ex32corpbylaws172022fina006.jpg', '/Archives/edgar/data/713676/000071367623000020/ex32corpbylaws172022fina006.jpg')",GRAPHIC,274170
"('ex32corpbylaws172022fina006.jpg', '/Archives/edgar/data/713676/000071367623000020/ex32corpbylaws172022fina006.jpg')",GRAPHIC,274170
"('ex32corpbylaws172022fina006.jpg', '/Archives/edgar/data/713676/000071367623000020/ex32corpbylaws172022fina006.jpg')",GRAPHIC,274170
"('ex32corpbylaws172022fina007.jpg', '/Archives/edgar/data/713676/000071367623000020/ex32corpbylaws172022fina007.jpg')",GRAPHIC,281686
"('ex32corpbylaws172022fina007.jpg', '/Archives/edgar/data/713676/000071367623000020/ex32corpbylaws172022fina007.jpg')",GRAPHIC,281686
"('ex32corpbylaws172022fina007.jpg', '/Archives/edgar/data/713676/000071367623000020/ex32corpbylaws172022fina007.jpg')",GRAPHIC,281686
"('ex32corpbylaws172022fina007.jpg', '/Archives/edgar/data/713676/000071367623000020/ex32corpbylaws172022fina007.jpg')",GRAPHIC,281686
"('ex32corpbylaws172022fina008.jpg', '/Archives/edgar/data/713676/000071367623000020/ex32corpbylaws172022fina008.jpg')",GRAPHIC,284934
"('ex32corpbylaws172022fina008.jpg', '/Archives/edgar/data/713676/000071367623000020/ex32corpbylaws172022fina008.jpg')",GRAPHIC,284934
"('ex32corpbylaws172022fina008.jpg', '/Archives/edgar/data/713676/000071367623000020/ex32corpbylaws172022fina008.jpg')",GRAPHIC,284934
"('ex32corpbylaws172022fina008.jpg', '/Archives/edgar/data/713676/000071367623000020/ex32corpbylaws172022fina008.jpg')",GRAPHIC,284934
"('ex32corpbylaws172022fina009.jpg', '/Archives/edgar/data/713676/000071367623000020/ex32corpbylaws172022fina009.jpg')",GRAPHIC,311779
"('ex32corpbylaws172022fina009.jpg', '/Archives/edgar/data/713676/000071367623000020/ex32corpbylaws172022fina009.jpg')",GRAPHIC,311779
"('ex32corpbylaws172022fina009.jpg', '/Archives/edgar/data/713676/000071367623000020/ex32corpbylaws172022fina009.jpg')",GRAPHIC,311779
"('ex32corpbylaws172022fina009.jpg', '/Archives/edgar/data/713676/000071367623000020/ex32corpbylaws172022fina009.jpg')",GRAPHIC,311779
"('ex32corpbylaws172022fina010.jpg', '/Archives/edgar/data/713676/000071367623000020/ex32corpbylaws172022fina010.jpg')",GRAPHIC,228770
"('ex32corpbylaws172022fina010.jpg', '/Archives/edgar/data/713676/000071367623000020/ex32corpbylaws172022fina010.jpg')",GRAPHIC,228770
"('ex32corpbylaws172022fina010.jpg', '/Archives/edgar/data/713676/000071367623000020/ex32corpbylaws172022fina010.jpg')",GRAPHIC,228770
"('ex32corpbylaws172022fina010.jpg', '/Archives/edgar/data/713676/000071367623000020/ex32corpbylaws172022fina010.jpg')",GRAPHIC,228770
"('ex32corpbylaws172022fina011.jpg', '/Archives/edgar/data/713676/000071367623000020/ex32corpbylaws172022fina011.jpg')",GRAPHIC,232311
"('ex32corpbylaws172022fina011.jpg', '/Archives/edgar/data/713676/000071367623000020/ex32corpbylaws172022fina011.jpg')",GRAPHIC,232311
"('ex32corpbylaws172022fina011.jpg', '/Archives/edgar/data/713676/000071367623000020/ex32corpbylaws172022fina011.jpg')",GRAPHIC,232311
"('ex32corpbylaws172022fina011.jpg', '/Archives/edgar/data/713676/000071367623000020/ex32corpbylaws172022fina011.jpg')",GRAPHIC,232311
"('ex32corpbylaws172022fina012.jpg', '/Archives/edgar/data/713676/000071367623000020/ex32corpbylaws172022fina012.jpg')",GRAPHIC,267119
"('ex32corpbylaws172022fina012.jpg', '/Archives/edgar/data/713676/000071367623000020/ex32corpbylaws172022fina012.jpg')",GRAPHIC,267119
"('ex32corpbylaws172022fina012.jpg', '/Archives/edgar/data/713676/000071367623000020/ex32corpbylaws172022fina012.jpg')",GRAPHIC,267119
"('ex32corpbylaws172022fina012.jpg', '/Archives/edgar/data/713676/000071367623000020/ex32corpbylaws172022fina012.jpg')",GRAPHIC,267119
"('ex32corpbylaws172022fina013.jpg', '/Archives/edgar/data/713676/000071367623000020/ex32corpbylaws172022fina013.jpg')",GRAPHIC,249121
"('ex32corpbylaws172022fina013.jpg', '/Archives/edgar/data/713676/000071367623000020/ex32corpbylaws172022fina013.jpg')",GRAPHIC,249121
"('ex32corpbylaws172022fina013.jpg', '/Archives/edgar/data/713676/000071367623000020/ex32corpbylaws172022fina013.jpg')",GRAPHIC,249121
"('ex32corpbylaws172022fina013.jpg', '/Archives/edgar/data/713676/000071367623000020/ex32corpbylaws172022fina013.jpg')",GRAPHIC,249121
"('ex32corpbylaws172022fina014.jpg', '/Archives/edgar/data/713676/000071367623000020/ex32corpbylaws172022fina014.jpg')",GRAPHIC,260694
"('ex32corpbylaws172022fina014.jpg', '/Archives/edgar/data/713676/000071367623000020/ex32corpbylaws172022fina014.jpg')",GRAPHIC,260694
"('ex32corpbylaws172022fina014.jpg', '/Archives/edgar/data/713676/000071367623000020/ex32corpbylaws172022fina014.jpg')",GRAPHIC,260694
"('ex32corpbylaws172022fina014.jpg', '/Archives/edgar/data/713676/000071367623000020/ex32corpbylaws172022fina014.jpg')",GRAPHIC,260694
"('ex32corpbylaws172022fina015.jpg', '/Archives/edgar/data/713676/000071367623000020/ex32corpbylaws172022fina015.jpg')",GRAPHIC,248031
"('ex32corpbylaws172022fina015.jpg', '/Archives/edgar/data/713676/000071367623000020/ex32corpbylaws172022fina015.jpg')",GRAPHIC,248031
"('ex32corpbylaws172022fina015.jpg', '/Archives/edgar/data/713676/000071367623000020/ex32corpbylaws172022fina015.jpg')",GRAPHIC,248031
"('ex32corpbylaws172022fina015.jpg', '/Archives/edgar/data/713676/000071367623000020/ex32corpbylaws172022fina015.jpg')",GRAPHIC,248031
"('ex32corpbylaws172022fina016.jpg', '/Archives/edgar/data/713676/000071367623000020/ex32corpbylaws172022fina016.jpg')",GRAPHIC,260738
"('ex32corpbylaws172022fina016.jpg', '/Archives/edgar/data/713676/000071367623000020/ex32corpbylaws172022fina016.jpg')",GRAPHIC,260738
"('ex32corpbylaws172022fina016.jpg', '/Archives/edgar/data/713676/000071367623000020/ex32corpbylaws172022fina016.jpg')",GRAPHIC,260738
"('ex32corpbylaws172022fina016.jpg', '/Archives/edgar/data/713676/000071367623000020/ex32corpbylaws172022fina016.jpg')",GRAPHIC,260738
"('ex32corpbylaws172022fina017.jpg', '/Archives/edgar/data/713676/000071367623000020/ex32corpbylaws172022fina017.jpg')",GRAPHIC,256765
"('ex32corpbylaws172022fina017.jpg', '/Archives/edgar/data/713676/000071367623000020/ex32corpbylaws172022fina017.jpg')",GRAPHIC,256765
"('ex32corpbylaws172022fina017.jpg', '/Archives/edgar/data/713676/000071367623000020/ex32corpbylaws172022fina017.jpg')",GRAPHIC,256765
"('ex32corpbylaws172022fina017.jpg', '/Archives/edgar/data/713676/000071367623000020/ex32corpbylaws172022fina017.jpg')",GRAPHIC,256765
"('ex32corpbylaws172022fina018.jpg', '/Archives/edgar/data/713676/000071367623000020/ex32corpbylaws172022fina018.jpg')",GRAPHIC,212481
"('ex32corpbylaws172022fina018.jpg', '/Archives/edgar/data/713676/000071367623000020/ex32corpbylaws172022fina018.jpg')",GRAPHIC,212481
"('ex32corpbylaws172022fina018.jpg', '/Archives/edgar/data/713676/000071367623000020/ex32corpbylaws172022fina018.jpg')",GRAPHIC,212481
"('ex32corpbylaws172022fina018.jpg', '/Archives/edgar/data/713676/000071367623000020/ex32corpbylaws172022fina018.jpg')",GRAPHIC,212481
"('ex32corpbylaws172022fina019.jpg', '/Archives/edgar/data/713676/000071367623000020/ex32corpbylaws172022fina019.jpg')",GRAPHIC,174384
"('ex32corpbylaws172022fina019.jpg', '/Archives/edgar/data/713676/000071367623000020/ex32corpbylaws172022fina019.jpg')",GRAPHIC,174384
"('ex32corpbylaws172022fina019.jpg', '/Archives/edgar/data/713676/000071367623000020/ex32corpbylaws172022fina019.jpg')",GRAPHIC,174384
"('ex32corpbylaws172022fina019.jpg', '/Archives/edgar/data/713676/000071367623000020/ex32corpbylaws172022fina019.jpg')",GRAPHIC,174384
"('ex32corpbylaws172022fina020.jpg', '/Archives/edgar/data/713676/000071367623000020/ex32corpbylaws172022fina020.jpg')",GRAPHIC,210395
"('ex32corpbylaws172022fina020.jpg', '/Archives/edgar/data/713676/000071367623000020/ex32corpbylaws172022fina020.jpg')",GRAPHIC,210395
"('ex32corpbylaws172022fina020.jpg', '/Archives/edgar/data/713676/000071367623000020/ex32corpbylaws172022fina020.jpg')",GRAPHIC,210395
"('ex32corpbylaws172022fina020.jpg', '/Archives/edgar/data/713676/000071367623000020/ex32corpbylaws172022fina020.jpg')",GRAPHIC,210395
"('ex32corpbylaws172022fina021.jpg', '/Archives/edgar/data/713676/000071367623000020/ex32corpbylaws172022fina021.jpg')",GRAPHIC,259556
"('ex32corpbylaws172022fina021.jpg', '/Archives/edgar/data/713676/000071367623000020/ex32corpbylaws172022fina021.jpg')",GRAPHIC,259556
"('ex32corpbylaws172022fina021.jpg', '/Archives/edgar/data/713676/000071367623000020/ex32corpbylaws172022fina021.jpg')",GRAPHIC,259556
"('ex32corpbylaws172022fina021.jpg', '/Archives/edgar/data/713676/000071367623000020/ex32corpbylaws172022fina021.jpg')",GRAPHIC,259556
"('ex32corpbylaws172022fina022.jpg', '/Archives/edgar/data/713676/000071367623000020/ex32corpbylaws172022fina022.jpg')",GRAPHIC,304051
"('ex32corpbylaws172022fina022.jpg', '/Archives/edgar/data/713676/000071367623000020/ex32corpbylaws172022fina022.jpg')",GRAPHIC,304051
"('ex32corpbylaws172022fina022.jpg', '/Archives/edgar/data/713676/000071367623000020/ex32corpbylaws172022fina022.jpg')",GRAPHIC,304051
"('ex32corpbylaws172022fina022.jpg', '/Archives/edgar/data/713676/000071367623000020/ex32corpbylaws172022fina022.jpg')",GRAPHIC,304051
"('ex32corpbylaws172022fina023.jpg', '/Archives/edgar/data/713676/000071367623000020/ex32corpbylaws172022fina023.jpg')",GRAPHIC,210539
"('ex32corpbylaws172022fina023.jpg', '/Archives/edgar/data/713676/000071367623000020/ex32corpbylaws172022fina023.jpg')",GRAPHIC,210539
"('ex32corpbylaws172022fina023.jpg', '/Archives/edgar/data/713676/000071367623000020/ex32corpbylaws172022fina023.jpg')",GRAPHIC,210539
"('ex32corpbylaws172022fina023.jpg', '/Archives/edgar/data/713676/000071367623000020/ex32corpbylaws172022fina023.jpg')",GRAPHIC,210539
"('ex32corpbylaws172022fina024.jpg', '/Archives/edgar/data/713676/000071367623000020/ex32corpbylaws172022fina024.jpg')",GRAPHIC,180389
"('ex32corpbylaws172022fina024.jpg', '/Archives/edgar/data/713676/000071367623000020/ex32corpbylaws172022fina024.jpg')",GRAPHIC,180389
"('ex32corpbylaws172022fina024.jpg', '/Archives/edgar/data/713676/000071367623000020/ex32corpbylaws172022fina024.jpg')",GRAPHIC,180389
"('ex32corpbylaws172022fina024.jpg', '/Archives/edgar/data/713676/000071367623000020/ex32corpbylaws172022fina024.jpg')",GRAPHIC,180389
"('ex32corpbylaws172022fina025.jpg', '/Archives/edgar/data/713676/000071367623000020/ex32corpbylaws172022fina025.jpg')",GRAPHIC,179442
"('ex32corpbylaws172022fina025.jpg', '/Archives/edgar/data/713676/000071367623000020/ex32corpbylaws172022fina025.jpg')",GRAPHIC,179442
"('ex32corpbylaws172022fina025.jpg', '/Archives/edgar/data/713676/000071367623000020/ex32corpbylaws172022fina025.jpg')",GRAPHIC,179442
"('ex32corpbylaws172022fina025.jpg', '/Archives/edgar/data/713676/000071367623000020/ex32corpbylaws172022fina025.jpg')",GRAPHIC,179442
"('ex32corpbylaws172022fina026.jpg', '/Archives/edgar/data/713676/000071367623000020/ex32corpbylaws172022fina026.jpg')",GRAPHIC,192632
"('ex32corpbylaws172022fina026.jpg', '/Archives/edgar/data/713676/000071367623000020/ex32corpbylaws172022fina026.jpg')",GRAPHIC,192632
"('ex32corpbylaws172022fina026.jpg', '/Archives/edgar/data/713676/000071367623000020/ex32corpbylaws172022fina026.jpg')",GRAPHIC,192632
"('ex32corpbylaws172022fina026.jpg', '/Archives/edgar/data/713676/000071367623000020/ex32corpbylaws172022fina026.jpg')",GRAPHIC,192632
"('ex32corpbylaws172022fina027.jpg', '/Archives/edgar/data/713676/000071367623000020/ex32corpbylaws172022fina027.jpg')",GRAPHIC,244013
"('ex32corpbylaws172022fina027.jpg', '/Archives/edgar/data/713676/000071367623000020/ex32corpbylaws172022fina027.jpg')",GRAPHIC,244013
"('ex32corpbylaws172022fina027.jpg', '/Archives/edgar/data/713676/000071367623000020/ex32corpbylaws172022fina027.jpg')",GRAPHIC,244013
"('ex32corpbylaws172022fina027.jpg', '/Archives/edgar/data/713676/000071367623000020/ex32corpbylaws172022fina027.jpg')",GRAPHIC,244013
"('ex32corpbylaws172022fina028.jpg', '/Archives/edgar/data/713676/000071367623000020/ex32corpbylaws172022fina028.jpg')",GRAPHIC,223558
"('ex32corpbylaws172022fina028.jpg', '/Archives/edgar/data/713676/000071367623000020/ex32corpbylaws172022fina028.jpg')",GRAPHIC,223558
"('ex32corpbylaws172022fina028.jpg', '/Archives/edgar/data/713676/000071367623000020/ex32corpbylaws172022fina028.jpg')",GRAPHIC,223558
"('ex32corpbylaws172022fina028.jpg', '/Archives/edgar/data/713676/000071367623000020/ex32corpbylaws172022fina028.jpg')",GRAPHIC,223558
"('ex32corpbylaws172022fina029.jpg', '/Archives/edgar/data/713676/000071367623000020/ex32corpbylaws172022fina029.jpg')",GRAPHIC,236090
"('ex32corpbylaws172022fina029.jpg', '/Archives/edgar/data/713676/000071367623000020/ex32corpbylaws172022fina029.jpg')",GRAPHIC,236090
"('ex32corpbylaws172022fina029.jpg', '/Archives/edgar/data/713676/000071367623000020/ex32corpbylaws172022fina029.jpg')",GRAPHIC,236090
"('ex32corpbylaws172022fina029.jpg', '/Archives/edgar/data/713676/000071367623000020/ex32corpbylaws172022fina029.jpg')",GRAPHIC,236090
"('ex32corpbylaws172022fina030.jpg', '/Archives/edgar/data/713676/000071367623000020/ex32corpbylaws172022fina030.jpg')",GRAPHIC,287907
"('ex32corpbylaws172022fina030.jpg', '/Archives/edgar/data/713676/000071367623000020/ex32corpbylaws172022fina030.jpg')",GRAPHIC,287907
"('ex32corpbylaws172022fina030.jpg', '/Archives/edgar/data/713676/000071367623000020/ex32corpbylaws172022fina030.jpg')",GRAPHIC,287907
"('ex32corpbylaws172022fina030.jpg', '/Archives/edgar/data/713676/000071367623000020/ex32corpbylaws172022fina030.jpg')",GRAPHIC,287907
"('ex32corpbylaws172022fina031.jpg', '/Archives/edgar/data/713676/000071367623000020/ex32corpbylaws172022fina031.jpg')",GRAPHIC,296156
"('ex32corpbylaws172022fina031.jpg', '/Archives/edgar/data/713676/000071367623000020/ex32corpbylaws172022fina031.jpg')",GRAPHIC,296156
"('ex32corpbylaws172022fina031.jpg', '/Archives/edgar/data/713676/000071367623000020/ex32corpbylaws172022fina031.jpg')",GRAPHIC,296156
"('ex32corpbylaws172022fina031.jpg', '/Archives/edgar/data/713676/000071367623000020/ex32corpbylaws172022fina031.jpg')",GRAPHIC,296156
"('ex32corpbylaws172022fina032.jpg', '/Archives/edgar/data/713676/000071367623000020/ex32corpbylaws172022fina032.jpg')",GRAPHIC,284015
"('ex32corpbylaws172022fina032.jpg', '/Archives/edgar/data/713676/000071367623000020/ex32corpbylaws172022fina032.jpg')",GRAPHIC,284015
"('ex32corpbylaws172022fina032.jpg', '/Archives/edgar/data/713676/000071367623000020/ex32corpbylaws172022fina032.jpg')",GRAPHIC,284015
"('ex32corpbylaws172022fina032.jpg', '/Archives/edgar/data/713676/000071367623000020/ex32corpbylaws172022fina032.jpg')",GRAPHIC,284015
"('ex32corpbylaws172022fina033.jpg', '/Archives/edgar/data/713676/000071367623000020/ex32corpbylaws172022fina033.jpg')",GRAPHIC,226252
"('ex32corpbylaws172022fina033.jpg', '/Archives/edgar/data/713676/000071367623000020/ex32corpbylaws172022fina033.jpg')",GRAPHIC,226252
"('ex32corpbylaws172022fina033.jpg', '/Archives/edgar/data/713676/000071367623000020/ex32corpbylaws172022fina033.jpg')",GRAPHIC,226252
"('ex32corpbylaws172022fina033.jpg', '/Archives/edgar/data/713676/000071367623000020/ex32corpbylaws172022fina033.jpg')",GRAPHIC,226252
"('ex32corpbylaws172022fina034.jpg', '/Archives/edgar/data/713676/000071367623000020/ex32corpbylaws172022fina034.jpg')",GRAPHIC,197317
"('ex32corpbylaws172022fina034.jpg', '/Archives/edgar/data/713676/000071367623000020/ex32corpbylaws172022fina034.jpg')",GRAPHIC,197317
"('ex32corpbylaws172022fina034.jpg', '/Archives/edgar/data/713676/000071367623000020/ex32corpbylaws172022fina034.jpg')",GRAPHIC,197317
"('ex32corpbylaws172022fina034.jpg', '/Archives/edgar/data/713676/000071367623000020/ex32corpbylaws172022fina034.jpg')",GRAPHIC,197317
"('ex32corpbylaws172022fina035.jpg', '/Archives/edgar/data/713676/000071367623000020/ex32corpbylaws172022fina035.jpg')",GRAPHIC,102482
"('ex32corpbylaws172022fina035.jpg', '/Archives/edgar/data/713676/000071367623000020/ex32corpbylaws172022fina035.jpg')",GRAPHIC,102482
"('ex32corpbylaws172022fina035.jpg', '/Archives/edgar/data/713676/000071367623000020/ex32corpbylaws172022fina035.jpg')",GRAPHIC,102482
"('ex32corpbylaws172022fina035.jpg', '/Archives/edgar/data/713676/000071367623000020/ex32corpbylaws172022fina035.jpg')",GRAPHIC,102482
"('exhibit102erisaexcesspen001.jpg', '/Archives/edgar/data/713676/000071367623000020/exhibit102erisaexcesspen001.jpg')",GRAPHIC,218529
"('exhibit102erisaexcesspen001.jpg', '/Archives/edgar/data/713676/000071367623000020/exhibit102erisaexcesspen001.jpg')",GRAPHIC,218529
"('exhibit102erisaexcesspen001.jpg', '/Archives/edgar/data/713676/000071367623000020/exhibit102erisaexcesspen001.jpg')",GRAPHIC,218529
"('exhibit102erisaexcesspen001.jpg', '/Archives/edgar/data/713676/000071367623000020/exhibit102erisaexcesspen001.jpg')",GRAPHIC,218529
"('exhibit102erisaexcesspen002.jpg', '/Archives/edgar/data/713676/000071367623000020/exhibit102erisaexcesspen002.jpg')",GRAPHIC,228456
"('exhibit102erisaexcesspen002.jpg', '/Archives/edgar/data/713676/000071367623000020/exhibit102erisaexcesspen002.jpg')",GRAPHIC,228456
"('exhibit102erisaexcesspen002.jpg', '/Archives/edgar/data/713676/000071367623000020/exhibit102erisaexcesspen002.jpg')",GRAPHIC,228456
"('exhibit102erisaexcesspen002.jpg', '/Archives/edgar/data/713676/000071367623000020/exhibit102erisaexcesspen002.jpg')",GRAPHIC,228456
"('exhibit102erisaexcesspen003.jpg', '/Archives/edgar/data/713676/000071367623000020/exhibit102erisaexcesspen003.jpg')",GRAPHIC,214289
"('exhibit102erisaexcesspen003.jpg', '/Archives/edgar/data/713676/000071367623000020/exhibit102erisaexcesspen003.jpg')",GRAPHIC,214289
"('exhibit102erisaexcesspen003.jpg', '/Archives/edgar/data/713676/000071367623000020/exhibit102erisaexcesspen003.jpg')",GRAPHIC,214289
"('exhibit102erisaexcesspen003.jpg', '/Archives/edgar/data/713676/000071367623000020/exhibit102erisaexcesspen003.jpg')",GRAPHIC,214289
"('exhibit102erisaexcesspen004.jpg', '/Archives/edgar/data/713676/000071367623000020/exhibit102erisaexcesspen004.jpg')",GRAPHIC,258534
"('exhibit102erisaexcesspen004.jpg', '/Archives/edgar/data/713676/000071367623000020/exhibit102erisaexcesspen004.jpg')",GRAPHIC,258534
"('exhibit102erisaexcesspen004.jpg', '/Archives/edgar/data/713676/000071367623000020/exhibit102erisaexcesspen004.jpg')",GRAPHIC,258534
"('exhibit102erisaexcesspen004.jpg', '/Archives/edgar/data/713676/000071367623000020/exhibit102erisaexcesspen004.jpg')",GRAPHIC,258534
"('exhibit102erisaexcesspen005.jpg', '/Archives/edgar/data/713676/000071367623000020/exhibit102erisaexcesspen005.jpg')",GRAPHIC,229908
"('exhibit102erisaexcesspen005.jpg', '/Archives/edgar/data/713676/000071367623000020/exhibit102erisaexcesspen005.jpg')",GRAPHIC,229908
"('exhibit102erisaexcesspen005.jpg', '/Archives/edgar/data/713676/000071367623000020/exhibit102erisaexcesspen005.jpg')",GRAPHIC,229908
"('exhibit102erisaexcesspen005.jpg', '/Archives/edgar/data/713676/000071367623000020/exhibit102erisaexcesspen005.jpg')",GRAPHIC,229908
"('exhibit102erisaexcesspen006.jpg', '/Archives/edgar/data/713676/000071367623000020/exhibit102erisaexcesspen006.jpg')",GRAPHIC,235851
"('exhibit102erisaexcesspen006.jpg', '/Archives/edgar/data/713676/000071367623000020/exhibit102erisaexcesspen006.jpg')",GRAPHIC,235851
"('exhibit102erisaexcesspen006.jpg', '/Archives/edgar/data/713676/000071367623000020/exhibit102erisaexcesspen006.jpg')",GRAPHIC,235851
"('exhibit102erisaexcesspen006.jpg', '/Archives/edgar/data/713676/000071367623000020/exhibit102erisaexcesspen006.jpg')",GRAPHIC,235851
"('exhibit102erisaexcesspen007.jpg', '/Archives/edgar/data/713676/000071367623000020/exhibit102erisaexcesspen007.jpg')",GRAPHIC,257768
"('exhibit102erisaexcesspen007.jpg', '/Archives/edgar/data/713676/000071367623000020/exhibit102erisaexcesspen007.jpg')",GRAPHIC,257768
"('exhibit102erisaexcesspen007.jpg', '/Archives/edgar/data/713676/000071367623000020/exhibit102erisaexcesspen007.jpg')",GRAPHIC,257768
"('exhibit102erisaexcesspen007.jpg', '/Archives/edgar/data/713676/000071367623000020/exhibit102erisaexcesspen007.jpg')",GRAPHIC,257768
"('exhibit102erisaexcesspen008.jpg', '/Archives/edgar/data/713676/000071367623000020/exhibit102erisaexcesspen008.jpg')",GRAPHIC,226964
"('exhibit102erisaexcesspen008.jpg', '/Archives/edgar/data/713676/000071367623000020/exhibit102erisaexcesspen008.jpg')",GRAPHIC,226964
"('exhibit102erisaexcesspen008.jpg', '/Archives/edgar/data/713676/000071367623000020/exhibit102erisaexcesspen008.jpg')",GRAPHIC,226964
"('exhibit102erisaexcesspen008.jpg', '/Archives/edgar/data/713676/000071367623000020/exhibit102erisaexcesspen008.jpg')",GRAPHIC,226964
"('exhibit102erisaexcesspen009.jpg', '/Archives/edgar/data/713676/000071367623000020/exhibit102erisaexcesspen009.jpg')",GRAPHIC,256524
"('exhibit102erisaexcesspen009.jpg', '/Archives/edgar/data/713676/000071367623000020/exhibit102erisaexcesspen009.jpg')",GRAPHIC,256524
"('exhibit102erisaexcesspen009.jpg', '/Archives/edgar/data/713676/000071367623000020/exhibit102erisaexcesspen009.jpg')",GRAPHIC,256524
"('exhibit102erisaexcesspen009.jpg', '/Archives/edgar/data/713676/000071367623000020/exhibit102erisaexcesspen009.jpg')",GRAPHIC,256524
"('exhibit102erisaexcesspen010.jpg', '/Archives/edgar/data/713676/000071367623000020/exhibit102erisaexcesspen010.jpg')",GRAPHIC,247341
"('exhibit102erisaexcesspen010.jpg', '/Archives/edgar/data/713676/000071367623000020/exhibit102erisaexcesspen010.jpg')",GRAPHIC,247341
"('exhibit102erisaexcesspen010.jpg', '/Archives/edgar/data/713676/000071367623000020/exhibit102erisaexcesspen010.jpg')",GRAPHIC,247341
"('exhibit102erisaexcesspen010.jpg', '/Archives/edgar/data/713676/000071367623000020/exhibit102erisaexcesspen010.jpg')",GRAPHIC,247341
"('exhibit102erisaexcesspen011.jpg', '/Archives/edgar/data/713676/000071367623000020/exhibit102erisaexcesspen011.jpg')",GRAPHIC,258460
"('exhibit102erisaexcesspen011.jpg', '/Archives/edgar/data/713676/000071367623000020/exhibit102erisaexcesspen011.jpg')",GRAPHIC,258460
"('exhibit102erisaexcesspen011.jpg', '/Archives/edgar/data/713676/000071367623000020/exhibit102erisaexcesspen011.jpg')",GRAPHIC,258460
"('exhibit102erisaexcesspen011.jpg', '/Archives/edgar/data/713676/000071367623000020/exhibit102erisaexcesspen011.jpg')",GRAPHIC,258460
"('exhibit102erisaexcesspen012.jpg', '/Archives/edgar/data/713676/000071367623000020/exhibit102erisaexcesspen012.jpg')",GRAPHIC,173629
"('exhibit102erisaexcesspen012.jpg', '/Archives/edgar/data/713676/000071367623000020/exhibit102erisaexcesspen012.jpg')",GRAPHIC,173629
"('exhibit102erisaexcesspen012.jpg', '/Archives/edgar/data/713676/000071367623000020/exhibit102erisaexcesspen012.jpg')",GRAPHIC,173629
"('exhibit102erisaexcesspen012.jpg', '/Archives/edgar/data/713676/000071367623000020/exhibit102erisaexcesspen012.jpg')",GRAPHIC,173629
"('exhibit102erisaexcesspen013.jpg', '/Archives/edgar/data/713676/000071367623000020/exhibit102erisaexcesspen013.jpg')",GRAPHIC,182100
"('exhibit102erisaexcesspen013.jpg', '/Archives/edgar/data/713676/000071367623000020/exhibit102erisaexcesspen013.jpg')",GRAPHIC,182100
"('exhibit102erisaexcesspen013.jpg', '/Archives/edgar/data/713676/000071367623000020/exhibit102erisaexcesspen013.jpg')",GRAPHIC,182100
"('exhibit102erisaexcesspen013.jpg', '/Archives/edgar/data/713676/000071367623000020/exhibit102erisaexcesspen013.jpg')",GRAPHIC,182100
"('exhibit102erisaexcesspen014.jpg', '/Archives/edgar/data/713676/000071367623000020/exhibit102erisaexcesspen014.jpg')",GRAPHIC,188505
"('exhibit102erisaexcesspen014.jpg', '/Archives/edgar/data/713676/000071367623000020/exhibit102erisaexcesspen014.jpg')",GRAPHIC,188505
"('exhibit102erisaexcesspen014.jpg', '/Archives/edgar/data/713676/000071367623000020/exhibit102erisaexcesspen014.jpg')",GRAPHIC,188505
"('exhibit102erisaexcesspen014.jpg', '/Archives/edgar/data/713676/000071367623000020/exhibit102erisaexcesspen014.jpg')",GRAPHIC,188505
"('exhibit102erisaexcesspen015.jpg', '/Archives/edgar/data/713676/000071367623000020/exhibit102erisaexcesspen015.jpg')",GRAPHIC,197515
"('exhibit102erisaexcesspen015.jpg', '/Archives/edgar/data/713676/000071367623000020/exhibit102erisaexcesspen015.jpg')",GRAPHIC,197515
"('exhibit102erisaexcesspen015.jpg', '/Archives/edgar/data/713676/000071367623000020/exhibit102erisaexcesspen015.jpg')",GRAPHIC,197515
"('exhibit102erisaexcesspen015.jpg', '/Archives/edgar/data/713676/000071367623000020/exhibit102erisaexcesspen015.jpg')",GRAPHIC,197515
"('exhibit231signed001.jpg', '/Archives/edgar/data/713676/000071367623000020/exhibit231signed001.jpg')",GRAPHIC,74451
"('exhibit231signed001.jpg', '/Archives/edgar/data/713676/000071367623000020/exhibit231signed001.jpg')",GRAPHIC,74451
"('exhibit231signed001.jpg', '/Archives/edgar/data/713676/000071367623000020/exhibit231signed001.jpg')",GRAPHIC,74451
"('exhibit231signed001.jpg', '/Archives/edgar/data/713676/000071367623000020/exhibit231signed001.jpg')",GRAPHIC,74451
"('exhibit24001.jpg', '/Archives/edgar/data/713676/000071367623000020/exhibit24001.jpg')",GRAPHIC,189204
"('exhibit24001.jpg', '/Archives/edgar/data/713676/000071367623000020/exhibit24001.jpg')",GRAPHIC,189204
"('exhibit24001.jpg', '/Archives/edgar/data/713676/000071367623000020/exhibit24001.jpg')",GRAPHIC,189204
"('exhibit24001.jpg', '/Archives/edgar/data/713676/000071367623000020/exhibit24001.jpg')",GRAPHIC,189204
"('exhibit24002.jpg', '/Archives/edgar/data/713676/000071367623000020/exhibit24002.jpg')",GRAPHIC,66358
"('exhibit24002.jpg', '/Archives/edgar/data/713676/000071367623000020/exhibit24002.jpg')",GRAPHIC,66358
"('exhibit24002.jpg', '/Archives/edgar/data/713676/000071367623000020/exhibit24002.jpg')",GRAPHIC,66358
"('exhibit24002.jpg', '/Archives/edgar/data/713676/000071367623000020/exhibit24002.jpg')",GRAPHIC,66358
"('exhibit24003.jpg', '/Archives/edgar/data/713676/000071367623000020/exhibit24003.jpg')",GRAPHIC,77012
"('exhibit24003.jpg', '/Archives/edgar/data/713676/000071367623000020/exhibit24003.jpg')",GRAPHIC,77012
"('exhibit24003.jpg', '/Archives/edgar/data/713676/000071367623000020/exhibit24003.jpg')",GRAPHIC,77012
"('exhibit24003.jpg', '/Archives/edgar/data/713676/000071367623000020/exhibit24003.jpg')",GRAPHIC,77012
"('exhibit414descriptionofs001.jpg', '/Archives/edgar/data/713676/000071367623000020/exhibit414descriptionofs001.jpg')",GRAPHIC,188120
"('exhibit414descriptionofs001.jpg', '/Archives/edgar/data/713676/000071367623000020/exhibit414descriptionofs001.jpg')",GRAPHIC,188120
"('exhibit414descriptionofs001.jpg', '/Archives/edgar/data/713676/000071367623000020/exhibit414descriptionofs001.jpg')",GRAPHIC,188120
"('exhibit414descriptionofs001.jpg', '/Archives/edgar/data/713676/000071367623000020/exhibit414descriptionofs001.jpg')",GRAPHIC,188120
"('exhibit414descriptionofs002.jpg', '/Archives/edgar/data/713676/000071367623000020/exhibit414descriptionofs002.jpg')",GRAPHIC,247071
"('exhibit414descriptionofs002.jpg', '/Archives/edgar/data/713676/000071367623000020/exhibit414descriptionofs002.jpg')",GRAPHIC,247071
"('exhibit414descriptionofs002.jpg', '/Archives/edgar/data/713676/000071367623000020/exhibit414descriptionofs002.jpg')",GRAPHIC,247071
"('exhibit414descriptionofs002.jpg', '/Archives/edgar/data/713676/000071367623000020/exhibit414descriptionofs002.jpg')",GRAPHIC,247071
"('exhibit414descriptionofs003.jpg', '/Archives/edgar/data/713676/000071367623000020/exhibit414descriptionofs003.jpg')",GRAPHIC,237624
"('exhibit414descriptionofs003.jpg', '/Archives/edgar/data/713676/000071367623000020/exhibit414descriptionofs003.jpg')",GRAPHIC,237624
"('exhibit414descriptionofs003.jpg', '/Archives/edgar/data/713676/000071367623000020/exhibit414descriptionofs003.jpg')",GRAPHIC,237624
"('exhibit414descriptionofs003.jpg', '/Archives/edgar/data/713676/000071367623000020/exhibit414descriptionofs003.jpg')",GRAPHIC,237624
"('exhibit414descriptionofs004.jpg', '/Archives/edgar/data/713676/000071367623000020/exhibit414descriptionofs004.jpg')",GRAPHIC,224974
"('exhibit414descriptionofs004.jpg', '/Archives/edgar/data/713676/000071367623000020/exhibit414descriptionofs004.jpg')",GRAPHIC,224974
"('exhibit414descriptionofs004.jpg', '/Archives/edgar/data/713676/000071367623000020/exhibit414descriptionofs004.jpg')",GRAPHIC,224974
"('exhibit414descriptionofs004.jpg', '/Archives/edgar/data/713676/000071367623000020/exhibit414descriptionofs004.jpg')",GRAPHIC,224974
"('exhibit414descriptionofs005.jpg', '/Archives/edgar/data/713676/000071367623000020/exhibit414descriptionofs005.jpg')",GRAPHIC,203565
"('exhibit414descriptionofs005.jpg', '/Archives/edgar/data/713676/000071367623000020/exhibit414descriptionofs005.jpg')",GRAPHIC,203565
"('exhibit414descriptionofs005.jpg', '/Archives/edgar/data/713676/000071367623000020/exhibit414descriptionofs005.jpg')",GRAPHIC,203565
"('exhibit414descriptionofs005.jpg', '/Archives/edgar/data/713676/000071367623000020/exhibit414descriptionofs005.jpg')",GRAPHIC,203565
"('exhibit414descriptionofs006.jpg', '/Archives/edgar/data/713676/000071367623000020/exhibit414descriptionofs006.jpg')",GRAPHIC,253512
"('exhibit414descriptionofs006.jpg', '/Archives/edgar/data/713676/000071367623000020/exhibit414descriptionofs006.jpg')",GRAPHIC,253512
"('exhibit414descriptionofs006.jpg', '/Archives/edgar/data/713676/000071367623000020/exhibit414descriptionofs006.jpg')",GRAPHIC,253512
"('exhibit414descriptionofs006.jpg', '/Archives/edgar/data/713676/000071367623000020/exhibit414descriptionofs006.jpg')",GRAPHIC,253512
"('exhibit414descriptionofs007.jpg', '/Archives/edgar/data/713676/000071367623000020/exhibit414descriptionofs007.jpg')",GRAPHIC,277484
"('exhibit414descriptionofs007.jpg', '/Archives/edgar/data/713676/000071367623000020/exhibit414descriptionofs007.jpg')",GRAPHIC,277484
"('exhibit414descriptionofs007.jpg', '/Archives/edgar/data/713676/000071367623000020/exhibit414descriptionofs007.jpg')",GRAPHIC,277484
"('exhibit414descriptionofs007.jpg', '/Archives/edgar/data/713676/000071367623000020/exhibit414descriptionofs007.jpg')",GRAPHIC,277484
"('exhibit414descriptionofs008.jpg', '/Archives/edgar/data/713676/000071367623000020/exhibit414descriptionofs008.jpg')",GRAPHIC,326405
"('exhibit414descriptionofs008.jpg', '/Archives/edgar/data/713676/000071367623000020/exhibit414descriptionofs008.jpg')",GRAPHIC,326405
"('exhibit414descriptionofs008.jpg', '/Archives/edgar/data/713676/000071367623000020/exhibit414descriptionofs008.jpg')",GRAPHIC,326405
"('exhibit414descriptionofs008.jpg', '/Archives/edgar/data/713676/000071367623000020/exhibit414descriptionofs008.jpg')",GRAPHIC,326405
"('exhibit414descriptionofs009.jpg', '/Archives/edgar/data/713676/000071367623000020/exhibit414descriptionofs009.jpg')",GRAPHIC,302905
"('exhibit414descriptionofs009.jpg', '/Archives/edgar/data/713676/000071367623000020/exhibit414descriptionofs009.jpg')",GRAPHIC,302905
"('exhibit414descriptionofs009.jpg', '/Archives/edgar/data/713676/000071367623000020/exhibit414descriptionofs009.jpg')",GRAPHIC,302905
"('exhibit414descriptionofs009.jpg', '/Archives/edgar/data/713676/000071367623000020/exhibit414descriptionofs009.jpg')",GRAPHIC,302905
"('exhibit414descriptionofs010.jpg', '/Archives/edgar/data/713676/000071367623000020/exhibit414descriptionofs010.jpg')",GRAPHIC,221556
"('exhibit414descriptionofs010.jpg', '/Archives/edgar/data/713676/000071367623000020/exhibit414descriptionofs010.jpg')",GRAPHIC,221556
"('exhibit414descriptionofs010.jpg', '/Archives/edgar/data/713676/000071367623000020/exhibit414descriptionofs010.jpg')",GRAPHIC,221556
"('exhibit414descriptionofs010.jpg', '/Archives/edgar/data/713676/000071367623000020/exhibit414descriptionofs010.jpg')",GRAPHIC,221556
"('exhibit414descriptionofs011.jpg', '/Archives/edgar/data/713676/000071367623000020/exhibit414descriptionofs011.jpg')",GRAPHIC,250405
"('exhibit414descriptionofs011.jpg', '/Archives/edgar/data/713676/000071367623000020/exhibit414descriptionofs011.jpg')",GRAPHIC,250405
"('exhibit414descriptionofs011.jpg', '/Archives/edgar/data/713676/000071367623000020/exhibit414descriptionofs011.jpg')",GRAPHIC,250405
"('exhibit414descriptionofs011.jpg', '/Archives/edgar/data/713676/000071367623000020/exhibit414descriptionofs011.jpg')",GRAPHIC,250405
"('exhibit414descriptionofs012.jpg', '/Archives/edgar/data/713676/000071367623000020/exhibit414descriptionofs012.jpg')",GRAPHIC,281855
"('exhibit414descriptionofs012.jpg', '/Archives/edgar/data/713676/000071367623000020/exhibit414descriptionofs012.jpg')",GRAPHIC,281855
"('exhibit414descriptionofs012.jpg', '/Archives/edgar/data/713676/000071367623000020/exhibit414descriptionofs012.jpg')",GRAPHIC,281855
"('exhibit414descriptionofs012.jpg', '/Archives/edgar/data/713676/000071367623000020/exhibit414descriptionofs012.jpg')",GRAPHIC,281855
"('exhibit414descriptionofs013.jpg', '/Archives/edgar/data/713676/000071367623000020/exhibit414descriptionofs013.jpg')",GRAPHIC,246621
"('exhibit414descriptionofs013.jpg', '/Archives/edgar/data/713676/000071367623000020/exhibit414descriptionofs013.jpg')",GRAPHIC,246621
"('exhibit414descriptionofs013.jpg', '/Archives/edgar/data/713676/000071367623000020/exhibit414descriptionofs013.jpg')",GRAPHIC,246621
"('exhibit414descriptionofs013.jpg', '/Archives/edgar/data/713676/000071367623000020/exhibit414descriptionofs013.jpg')",GRAPHIC,246621
"('exhibit414descriptionofs014.jpg', '/Archives/edgar/data/713676/000071367623000020/exhibit414descriptionofs014.jpg')",GRAPHIC,249530
"('exhibit414descriptionofs014.jpg', '/Archives/edgar/data/713676/000071367623000020/exhibit414descriptionofs014.jpg')",GRAPHIC,249530
"('exhibit414descriptionofs014.jpg', '/Archives/edgar/data/713676/000071367623000020/exhibit414descriptionofs014.jpg')",GRAPHIC,249530
"('exhibit414descriptionofs014.jpg', '/Archives/edgar/data/713676/000071367623000020/exhibit414descriptionofs014.jpg')",GRAPHIC,249530
"('exhibit414descriptionofs015.jpg', '/Archives/edgar/data/713676/000071367623000020/exhibit414descriptionofs015.jpg')",GRAPHIC,188670
"('exhibit414descriptionofs015.jpg', '/Archives/edgar/data/713676/000071367623000020/exhibit414descriptionofs015.jpg')",GRAPHIC,188670
"('exhibit414descriptionofs015.jpg', '/Archives/edgar/data/713676/000071367623000020/exhibit414descriptionofs015.jpg')",GRAPHIC,188670
"('exhibit414descriptionofs015.jpg', '/Archives/edgar/data/713676/000071367623000020/exhibit414descriptionofs015.jpg')",GRAPHIC,188670
"('pnc-12312022xex21001.jpg', '/Archives/edgar/data/713676/000071367623000020/pnc-12312022xex21001.jpg')",GRAPHIC,65087
"('pnc-12312022xex21001.jpg', '/Archives/edgar/data/713676/000071367623000020/pnc-12312022xex21001.jpg')",GRAPHIC,65087
"('pnc-12312022xex21001.jpg', '/Archives/edgar/data/713676/000071367623000020/pnc-12312022xex21001.jpg')",GRAPHIC,65087
"('pnc-12312022xex21001.jpg', '/Archives/edgar/data/713676/000071367623000020/pnc-12312022xex21001.jpg')",GRAPHIC,65087
"('pnc-20221231_g1.jpg', '/Archives/edgar/data/713676/000071367623000020/pnc-20221231_g1.jpg')",GRAPHIC,308396
"('pnc-20221231_g1.jpg', '/Archives/edgar/data/713676/000071367623000020/pnc-20221231_g1.jpg')",GRAPHIC,308396
"('pnc-20221231_g1.jpg', '/Archives/edgar/data/713676/000071367623000020/pnc-20221231_g1.jpg')",GRAPHIC,308396
"('pnc-20221231_g1.jpg', '/Archives/edgar/data/713676/000071367623000020/pnc-20221231_g1.jpg')",GRAPHIC,308396
"('pnc-20221231_g2.jpg', '/Archives/edgar/data/713676/000071367623000020/pnc-20221231_g2.jpg')",GRAPHIC,25981
"('pnc-20221231_g2.jpg', '/Archives/edgar/data/713676/000071367623000020/pnc-20221231_g2.jpg')",GRAPHIC,25981
"('pnc-20221231_g2.jpg', '/Archives/edgar/data/713676/000071367623000020/pnc-20221231_g2.jpg')",GRAPHIC,25981
"('pnc-20221231_g2.jpg', '/Archives/edgar/data/713676/000071367623000020/pnc-20221231_g2.jpg')",GRAPHIC,25981
"('pnc-20221231_g3.jpg', '/Archives/edgar/data/713676/000071367623000020/pnc-20221231_g3.jpg')",GRAPHIC,87452
"('pnc-20221231_g3.jpg', '/Archives/edgar/data/713676/000071367623000020/pnc-20221231_g3.jpg')",GRAPHIC,87452
"('pnc-20221231_g3.jpg', '/Archives/edgar/data/713676/000071367623000020/pnc-20221231_g3.jpg')",GRAPHIC,87452
"('pnc-20221231_g3.jpg', '/Archives/edgar/data/713676/000071367623000020/pnc-20221231_g3.jpg')",GRAPHIC,87452
"('pnc-20221231_g4.jpg', '/Archives/edgar/data/713676/000071367623000020/pnc-20221231_g4.jpg')",GRAPHIC,195010
"('pnc-20221231_g4.jpg', '/Archives/edgar/data/713676/000071367623000020/pnc-20221231_g4.jpg')",GRAPHIC,195010
"('pnc-20221231_g4.jpg', '/Archives/edgar/data/713676/000071367623000020/pnc-20221231_g4.jpg')",GRAPHIC,195010
"('pnc-20221231_g4.jpg', '/Archives/edgar/data/713676/000071367623000020/pnc-20221231_g4.jpg')",GRAPHIC,195010
"('0000713676-23-000020.txt', '/Archives/edgar/data/713676/000071367623000020/0000713676-23-000020.txt')",,68425306
"('0000713676-23-000020.txt', '/Archives/edgar/data/713676/000071367623000020/0000713676-23-000020.txt')",,68425306
"('0000713676-23-000020.txt', '/Archives/edgar/data/713676/000071367623000020/0000713676-23-000020.txt')",,68425306
"('0000713676-23-000020.txt', '/Archives/edgar/data/713676/000071367623000020/0000713676-23-000020.txt')",,68425306
