text and hyperlink,form type,size
"('a123118form10-kxreport.htm', '/ix?doc=/Archives/edgar/data/750556/000075055619000103/a123118form10-kxreport.htm')",10-K,13522048
"('a123118form10-kxreport.htm', '/ix?doc=/Archives/edgar/data/750556/000075055619000103/a123118form10-kxreport.htm')",10-K,13522048
"('a123118form10-kxreport.htm', '/ix?doc=/Archives/edgar/data/750556/000075055619000103/a123118form10-kxreport.htm')",10-K,13522048
"('a123118form10-kxreport.htm', '/ix?doc=/Archives/edgar/data/750556/000075055619000103/a123118form10-kxreport.htm')",10-K,13522048
"('a123118exhibit101.htm', '/Archives/edgar/data/750556/000075055619000103/a123118exhibit101.htm')",EX-10.1,87832
"('a123118exhibit101.htm', '/Archives/edgar/data/750556/000075055619000103/a123118exhibit101.htm')",EX-10.1,87832
"('a123118exhibit101.htm', '/Archives/edgar/data/750556/000075055619000103/a123118exhibit101.htm')",EX-10.1,87832
"('a123118exhibit101.htm', '/Archives/edgar/data/750556/000075055619000103/a123118exhibit101.htm')",EX-10.1,87832
"('a123118exhibit108.htm', '/Archives/edgar/data/750556/000075055619000103/a123118exhibit108.htm')",EX-10.8,229842
"('a123118exhibit108.htm', '/Archives/edgar/data/750556/000075055619000103/a123118exhibit108.htm')",EX-10.8,229842
"('a123118exhibit108.htm', '/Archives/edgar/data/750556/000075055619000103/a123118exhibit108.htm')",EX-10.8,229842
"('a123118exhibit108.htm', '/Archives/edgar/data/750556/000075055619000103/a123118exhibit108.htm')",EX-10.8,229842
"('a123118exhibit1014.htm', '/Archives/edgar/data/750556/000075055619000103/a123118exhibit1014.htm')",EX-10.14,13234
"('a123118exhibit1014.htm', '/Archives/edgar/data/750556/000075055619000103/a123118exhibit1014.htm')",EX-10.14,13234
"('a123118exhibit1014.htm', '/Archives/edgar/data/750556/000075055619000103/a123118exhibit1014.htm')",EX-10.14,13234
"('a123118exhibit1014.htm', '/Archives/edgar/data/750556/000075055619000103/a123118exhibit1014.htm')",EX-10.14,13234
"('a123118exhibit21.htm', '/Archives/edgar/data/750556/000075055619000103/a123118exhibit21.htm')",EX-21,52682
"('a123118exhibit21.htm', '/Archives/edgar/data/750556/000075055619000103/a123118exhibit21.htm')",EX-21,52682
"('a123118exhibit21.htm', '/Archives/edgar/data/750556/000075055619000103/a123118exhibit21.htm')",EX-21,52682
"('a123118exhibit21.htm', '/Archives/edgar/data/750556/000075055619000103/a123118exhibit21.htm')",EX-21,52682
"('a123118exhibit23.htm', '/Archives/edgar/data/750556/000075055619000103/a123118exhibit23.htm')",EX-23,3379
"('a123118exhibit23.htm', '/Archives/edgar/data/750556/000075055619000103/a123118exhibit23.htm')",EX-23,3379
"('a123118exhibit23.htm', '/Archives/edgar/data/750556/000075055619000103/a123118exhibit23.htm')",EX-23,3379
"('a123118exhibit23.htm', '/Archives/edgar/data/750556/000075055619000103/a123118exhibit23.htm')",EX-23,3379
"('a123118exhibit311.htm', '/Archives/edgar/data/750556/000075055619000103/a123118exhibit311.htm')",EX-31.1,13301
"('a123118exhibit311.htm', '/Archives/edgar/data/750556/000075055619000103/a123118exhibit311.htm')",EX-31.1,13301
"('a123118exhibit311.htm', '/Archives/edgar/data/750556/000075055619000103/a123118exhibit311.htm')",EX-31.1,13301
"('a123118exhibit311.htm', '/Archives/edgar/data/750556/000075055619000103/a123118exhibit311.htm')",EX-31.1,13301
"('a123118exhibit312.htm', '/Archives/edgar/data/750556/000075055619000103/a123118exhibit312.htm')",EX-31.2,13477
"('a123118exhibit312.htm', '/Archives/edgar/data/750556/000075055619000103/a123118exhibit312.htm')",EX-31.2,13477
"('a123118exhibit312.htm', '/Archives/edgar/data/750556/000075055619000103/a123118exhibit312.htm')",EX-31.2,13477
"('a123118exhibit312.htm', '/Archives/edgar/data/750556/000075055619000103/a123118exhibit312.htm')",EX-31.2,13477
"('a123118exhibit321.htm', '/Archives/edgar/data/750556/000075055619000103/a123118exhibit321.htm')",EX-32.1,5546
"('a123118exhibit321.htm', '/Archives/edgar/data/750556/000075055619000103/a123118exhibit321.htm')",EX-32.1,5546
"('a123118exhibit321.htm', '/Archives/edgar/data/750556/000075055619000103/a123118exhibit321.htm')",EX-32.1,5546
"('a123118exhibit321.htm', '/Archives/edgar/data/750556/000075055619000103/a123118exhibit321.htm')",EX-32.1,5546
"('a123118exhibit322.htm', '/Archives/edgar/data/750556/000075055619000103/a123118exhibit322.htm')",EX-32.2,5600
"('a123118exhibit322.htm', '/Archives/edgar/data/750556/000075055619000103/a123118exhibit322.htm')",EX-32.2,5600
"('a123118exhibit322.htm', '/Archives/edgar/data/750556/000075055619000103/a123118exhibit322.htm')",EX-32.2,5600
"('a123118exhibit322.htm', '/Archives/edgar/data/750556/000075055619000103/a123118exhibit322.htm')",EX-32.2,5600
"('a123118exhibit99.htm', '/Archives/edgar/data/750556/000075055619000103/a123118exhibit99.htm')",EX-99,127421
"('a123118exhibit99.htm', '/Archives/edgar/data/750556/000075055619000103/a123118exhibit99.htm')",EX-99,127421
"('a123118exhibit99.htm', '/Archives/edgar/data/750556/000075055619000103/a123118exhibit99.htm')",EX-99,127421
"('a123118exhibit99.htm', '/Archives/edgar/data/750556/000075055619000103/a123118exhibit99.htm')",EX-99,127421
"('totalreturngraph2018.jpg', '/Archives/edgar/data/750556/000075055619000103/totalreturngraph2018.jpg')",GRAPHIC,86233
"('totalreturngraph2018.jpg', '/Archives/edgar/data/750556/000075055619000103/totalreturngraph2018.jpg')",GRAPHIC,86233
"('totalreturngraph2018.jpg', '/Archives/edgar/data/750556/000075055619000103/totalreturngraph2018.jpg')",GRAPHIC,86233
"('totalreturngraph2018.jpg', '/Archives/edgar/data/750556/000075055619000103/totalreturngraph2018.jpg')",GRAPHIC,86233
"('var2018.jpg', '/Archives/edgar/data/750556/000075055619000103/var2018.jpg')",GRAPHIC,189940
"('var2018.jpg', '/Archives/edgar/data/750556/000075055619000103/var2018.jpg')",GRAPHIC,189940
"('var2018.jpg', '/Archives/edgar/data/750556/000075055619000103/var2018.jpg')",GRAPHIC,189940
"('var2018.jpg', '/Archives/edgar/data/750556/000075055619000103/var2018.jpg')",GRAPHIC,189940
"('0000750556-19-000103.txt', '/Archives/edgar/data/750556/000075055619000103/0000750556-19-000103.txt')",,54916590
"('0000750556-19-000103.txt', '/Archives/edgar/data/750556/000075055619000103/0000750556-19-000103.txt')",,54916590
"('0000750556-19-000103.txt', '/Archives/edgar/data/750556/000075055619000103/0000750556-19-000103.txt')",,54916590
"('0000750556-19-000103.txt', '/Archives/edgar/data/750556/000075055619000103/0000750556-19-000103.txt')",,54916590
