text and hyperlink,form type,size
"('cfg-20221231.htm', '/ix?doc=/Archives/edgar/data/759944/000075994423000029/cfg-20221231.htm')",10-K,7877273
"('cfg-20221231.htm', '/ix?doc=/Archives/edgar/data/759944/000075994423000029/cfg-20221231.htm')",10-K,7877273
"('cfg-20221231.htm', '/ix?doc=/Archives/edgar/data/759944/000075994423000029/cfg-20221231.htm')",10-K,7877273
"('cfg-20221231.htm', '/ix?doc=/Archives/edgar/data/759944/000075994423000029/cfg-20221231.htm')",10-K,7877273
"('exhibit32-2023.htm', '/Archives/edgar/data/759944/000075994423000029/exhibit32-2023.htm')",EX-3.2,179554
"('exhibit32-2023.htm', '/Archives/edgar/data/759944/000075994423000029/exhibit32-2023.htm')",EX-3.2,179554
"('exhibit32-2023.htm', '/Archives/edgar/data/759944/000075994423000029/exhibit32-2023.htm')",EX-3.2,179554
"('exhibit32-2023.htm', '/Archives/edgar/data/759944/000075994423000029/exhibit32-2023.htm')",EX-3.2,179554
"('exhibit462022.htm', '/Archives/edgar/data/759944/000075994423000029/exhibit462022.htm')",EX-4.6,83106
"('exhibit462022.htm', '/Archives/edgar/data/759944/000075994423000029/exhibit462022.htm')",EX-4.6,83106
"('exhibit462022.htm', '/Archives/edgar/data/759944/000075994423000029/exhibit462022.htm')",EX-4.6,83106
"('exhibit462022.htm', '/Archives/edgar/data/759944/000075994423000029/exhibit462022.htm')",EX-4.6,83106
"('exhibit472022.htm', '/Archives/edgar/data/759944/000075994423000029/exhibit472022.htm')",EX-4.7,8921
"('exhibit472022.htm', '/Archives/edgar/data/759944/000075994423000029/exhibit472022.htm')",EX-4.7,8921
"('exhibit472022.htm', '/Archives/edgar/data/759944/000075994423000029/exhibit472022.htm')",EX-4.7,8921
"('exhibit472022.htm', '/Archives/edgar/data/759944/000075994423000029/exhibit472022.htm')",EX-4.7,8921
"('exhibit104-2023.htm', '/Archives/edgar/data/759944/000075994423000029/exhibit104-2023.htm')",EX-10.4,73069
"('exhibit104-2023.htm', '/Archives/edgar/data/759944/000075994423000029/exhibit104-2023.htm')",EX-10.4,73069
"('exhibit104-2023.htm', '/Archives/edgar/data/759944/000075994423000029/exhibit104-2023.htm')",EX-10.4,73069
"('exhibit104-2023.htm', '/Archives/edgar/data/759944/000075994423000029/exhibit104-2023.htm')",EX-10.4,73069
"('exhibit106-2023.htm', '/Archives/edgar/data/759944/000075994423000029/exhibit106-2023.htm')",EX-10.6,79876
"('exhibit106-2023.htm', '/Archives/edgar/data/759944/000075994423000029/exhibit106-2023.htm')",EX-10.6,79876
"('exhibit106-2023.htm', '/Archives/edgar/data/759944/000075994423000029/exhibit106-2023.htm')",EX-10.6,79876
"('exhibit106-2023.htm', '/Archives/edgar/data/759944/000075994423000029/exhibit106-2023.htm')",EX-10.6,79876
"('exhibit1024-2023.htm', '/Archives/edgar/data/759944/000075994423000029/exhibit1024-2023.htm')",EX-10.24,81310
"('exhibit1024-2023.htm', '/Archives/edgar/data/759944/000075994423000029/exhibit1024-2023.htm')",EX-10.24,81310
"('exhibit1024-2023.htm', '/Archives/edgar/data/759944/000075994423000029/exhibit1024-2023.htm')",EX-10.24,81310
"('exhibit1024-2023.htm', '/Archives/edgar/data/759944/000075994423000029/exhibit1024-2023.htm')",EX-10.24,81310
"('exhibit1035-2022.htm', '/Archives/edgar/data/759944/000075994423000029/exhibit1035-2022.htm')",EX-10.35,49285
"('exhibit1035-2022.htm', '/Archives/edgar/data/759944/000075994423000029/exhibit1035-2022.htm')",EX-10.35,49285
"('exhibit1035-2022.htm', '/Archives/edgar/data/759944/000075994423000029/exhibit1035-2022.htm')",EX-10.35,49285
"('exhibit1035-2022.htm', '/Archives/edgar/data/759944/000075994423000029/exhibit1035-2022.htm')",EX-10.35,49285
"('exhibit211-2022.htm', '/Archives/edgar/data/759944/000075994423000029/exhibit211-2022.htm')",EX-21.1,41096
"('exhibit211-2022.htm', '/Archives/edgar/data/759944/000075994423000029/exhibit211-2022.htm')",EX-21.1,41096
"('exhibit211-2022.htm', '/Archives/edgar/data/759944/000075994423000029/exhibit211-2022.htm')",EX-21.1,41096
"('exhibit211-2022.htm', '/Archives/edgar/data/759944/000075994423000029/exhibit211-2022.htm')",EX-21.1,41096
"('a231consentletter-2022.htm', '/Archives/edgar/data/759944/000075994423000029/a231consentletter-2022.htm')",EX-23.1,3413
"('a231consentletter-2022.htm', '/Archives/edgar/data/759944/000075994423000029/a231consentletter-2022.htm')",EX-23.1,3413
"('a231consentletter-2022.htm', '/Archives/edgar/data/759944/000075994423000029/a231consentletter-2022.htm')",EX-23.1,3413
"('a231consentletter-2022.htm', '/Archives/edgar/data/759944/000075994423000029/a231consentletter-2022.htm')",EX-23.1,3413
"('a311certexceo302-q42022.htm', '/Archives/edgar/data/759944/000075994423000029/a311certexceo302-q42022.htm')",EX-31.1,12250
"('a311certexceo302-q42022.htm', '/Archives/edgar/data/759944/000075994423000029/a311certexceo302-q42022.htm')",EX-31.1,12250
"('a311certexceo302-q42022.htm', '/Archives/edgar/data/759944/000075994423000029/a311certexceo302-q42022.htm')",EX-31.1,12250
"('a311certexceo302-q42022.htm', '/Archives/edgar/data/759944/000075994423000029/a311certexceo302-q42022.htm')",EX-31.1,12250
"('a312certexcfo302-q42022.htm', '/Archives/edgar/data/759944/000075994423000029/a312certexcfo302-q42022.htm')",EX-31.2,12015
"('a312certexcfo302-q42022.htm', '/Archives/edgar/data/759944/000075994423000029/a312certexcfo302-q42022.htm')",EX-31.2,12015
"('a312certexcfo302-q42022.htm', '/Archives/edgar/data/759944/000075994423000029/a312certexcfo302-q42022.htm')",EX-31.2,12015
"('a312certexcfo302-q42022.htm', '/Archives/edgar/data/759944/000075994423000029/a312certexcfo302-q42022.htm')",EX-31.2,12015
"('a321certexceo906-q42022.htm', '/Archives/edgar/data/759944/000075994423000029/a321certexceo906-q42022.htm')",EX-32.1,5597
"('a321certexceo906-q42022.htm', '/Archives/edgar/data/759944/000075994423000029/a321certexceo906-q42022.htm')",EX-32.1,5597
"('a321certexceo906-q42022.htm', '/Archives/edgar/data/759944/000075994423000029/a321certexceo906-q42022.htm')",EX-32.1,5597
"('a321certexceo906-q42022.htm', '/Archives/edgar/data/759944/000075994423000029/a321certexceo906-q42022.htm')",EX-32.1,5597
"('a322certexcfo906-q42022.htm', '/Archives/edgar/data/759944/000075994423000029/a322certexcfo906-q42022.htm')",EX-32.2,5704
"('a322certexcfo906-q42022.htm', '/Archives/edgar/data/759944/000075994423000029/a322certexcfo906-q42022.htm')",EX-32.2,5704
"('a322certexcfo906-q42022.htm', '/Archives/edgar/data/759944/000075994423000029/a322certexcfo906-q42022.htm')",EX-32.2,5704
"('a322certexcfo906-q42022.htm', '/Archives/edgar/data/759944/000075994423000029/a322certexcfo906-q42022.htm')",EX-32.2,5704
"('cfg-20221231_g1.jpg', '/Archives/edgar/data/759944/000075994423000029/cfg-20221231_g1.jpg')",GRAPHIC,46905
"('cfg-20221231_g1.jpg', '/Archives/edgar/data/759944/000075994423000029/cfg-20221231_g1.jpg')",GRAPHIC,46905
"('cfg-20221231_g1.jpg', '/Archives/edgar/data/759944/000075994423000029/cfg-20221231_g1.jpg')",GRAPHIC,46905
"('cfg-20221231_g1.jpg', '/Archives/edgar/data/759944/000075994423000029/cfg-20221231_g1.jpg')",GRAPHIC,46905
"('cfg-20221231_g2.jpg', '/Archives/edgar/data/759944/000075994423000029/cfg-20221231_g2.jpg')",GRAPHIC,88969
"('cfg-20221231_g2.jpg', '/Archives/edgar/data/759944/000075994423000029/cfg-20221231_g2.jpg')",GRAPHIC,88969
"('cfg-20221231_g2.jpg', '/Archives/edgar/data/759944/000075994423000029/cfg-20221231_g2.jpg')",GRAPHIC,88969
"('cfg-20221231_g2.jpg', '/Archives/edgar/data/759944/000075994423000029/cfg-20221231_g2.jpg')",GRAPHIC,88969
"('cfg-20221231_g3.gif', '/Archives/edgar/data/759944/000075994423000029/cfg-20221231_g3.gif')",GRAPHIC,44800
"('cfg-20221231_g3.gif', '/Archives/edgar/data/759944/000075994423000029/cfg-20221231_g3.gif')",GRAPHIC,44800
"('cfg-20221231_g3.gif', '/Archives/edgar/data/759944/000075994423000029/cfg-20221231_g3.gif')",GRAPHIC,44800
"('cfg-20221231_g3.gif', '/Archives/edgar/data/759944/000075994423000029/cfg-20221231_g3.gif')",GRAPHIC,44800
"('0000759944-23-000029.txt', '/Archives/edgar/data/759944/000075994423000029/0000759944-23-000029.txt')",,34596439
"('0000759944-23-000029.txt', '/Archives/edgar/data/759944/000075994423000029/0000759944-23-000029.txt')",,34596439
"('0000759944-23-000029.txt', '/Archives/edgar/data/759944/000075994423000029/0000759944-23-000029.txt')",,34596439
"('0000759944-23-000029.txt', '/Archives/edgar/data/759944/000075994423000029/0000759944-23-000029.txt')",,34596439
