text and hyperlink,form type,size
"('c-20221231.htm', '/ix?doc=/Archives/edgar/data/831001/000083100123000037/c-20221231.htm')",10-K,21965110
"('c-20221231.htm', '/ix?doc=/Archives/edgar/data/831001/000083100123000037/c-20221231.htm')",10-K,21965110
"('c-20221231.htm', '/ix?doc=/Archives/edgar/data/831001/000083100123000037/c-20221231.htm')",10-K,21965110
"('c-20221231.htm', '/ix?doc=/Archives/edgar/data/831001/000083100123000037/c-20221231.htm')",10-K,21965110
"('citi-exh430x12312022.htm', '/Archives/edgar/data/831001/000083100123000037/citi-exh430x12312022.htm')",EX-4.30,198839
"('citi-exh430x12312022.htm', '/Archives/edgar/data/831001/000083100123000037/citi-exh430x12312022.htm')",EX-4.30,198839
"('citi-exh430x12312022.htm', '/Archives/edgar/data/831001/000083100123000037/citi-exh430x12312022.htm')",EX-4.30,198839
"('citi-exh430x12312022.htm', '/Archives/edgar/data/831001/000083100123000037/citi-exh430x12312022.htm')",EX-4.30,198839
"('citi-exh2101x12312022.htm', '/Archives/edgar/data/831001/000083100123000037/citi-exh2101x12312022.htm')",EX-21.01,40832
"('citi-exh2101x12312022.htm', '/Archives/edgar/data/831001/000083100123000037/citi-exh2101x12312022.htm')",EX-21.01,40832
"('citi-exh2101x12312022.htm', '/Archives/edgar/data/831001/000083100123000037/citi-exh2101x12312022.htm')",EX-21.01,40832
"('citi-exh2101x12312022.htm', '/Archives/edgar/data/831001/000083100123000037/citi-exh2101x12312022.htm')",EX-21.01,40832
"('citi-exh2301x12312022.htm', '/Archives/edgar/data/831001/000083100123000037/citi-exh2301x12312022.htm')",EX-23.01,4774
"('citi-exh2301x12312022.htm', '/Archives/edgar/data/831001/000083100123000037/citi-exh2301x12312022.htm')",EX-23.01,4774
"('citi-exh2301x12312022.htm', '/Archives/edgar/data/831001/000083100123000037/citi-exh2301x12312022.htm')",EX-23.01,4774
"('citi-exh2301x12312022.htm', '/Archives/edgar/data/831001/000083100123000037/citi-exh2301x12312022.htm')",EX-23.01,4774
"('citi-exh2401x12312022.htm', '/Archives/edgar/data/831001/000083100123000037/citi-exh2401x12312022.htm')",EX-24.01,49376
"('citi-exh2401x12312022.htm', '/Archives/edgar/data/831001/000083100123000037/citi-exh2401x12312022.htm')",EX-24.01,49376
"('citi-exh2401x12312022.htm', '/Archives/edgar/data/831001/000083100123000037/citi-exh2401x12312022.htm')",EX-24.01,49376
"('citi-exh2401x12312022.htm', '/Archives/edgar/data/831001/000083100123000037/citi-exh2401x12312022.htm')",EX-24.01,49376
"('citi-exh3101x12312022.htm', '/Archives/edgar/data/831001/000083100123000037/citi-exh3101x12312022.htm')",EX-31.01,10897
"('citi-exh3101x12312022.htm', '/Archives/edgar/data/831001/000083100123000037/citi-exh3101x12312022.htm')",EX-31.01,10897
"('citi-exh3101x12312022.htm', '/Archives/edgar/data/831001/000083100123000037/citi-exh3101x12312022.htm')",EX-31.01,10897
"('citi-exh3101x12312022.htm', '/Archives/edgar/data/831001/000083100123000037/citi-exh3101x12312022.htm')",EX-31.01,10897
"('citi-exh3102x12312022.htm', '/Archives/edgar/data/831001/000083100123000037/citi-exh3102x12312022.htm')",EX-31.02,10805
"('citi-exh3102x12312022.htm', '/Archives/edgar/data/831001/000083100123000037/citi-exh3102x12312022.htm')",EX-31.02,10805
"('citi-exh3102x12312022.htm', '/Archives/edgar/data/831001/000083100123000037/citi-exh3102x12312022.htm')",EX-31.02,10805
"('citi-exh3102x12312022.htm', '/Archives/edgar/data/831001/000083100123000037/citi-exh3102x12312022.htm')",EX-31.02,10805
"('citi-exh3201x12312022.htm', '/Archives/edgar/data/831001/000083100123000037/citi-exh3201x12312022.htm')",EX-32.01,6713
"('citi-exh3201x12312022.htm', '/Archives/edgar/data/831001/000083100123000037/citi-exh3201x12312022.htm')",EX-32.01,6713
"('citi-exh3201x12312022.htm', '/Archives/edgar/data/831001/000083100123000037/citi-exh3201x12312022.htm')",EX-32.01,6713
"('citi-exh3201x12312022.htm', '/Archives/edgar/data/831001/000083100123000037/citi-exh3201x12312022.htm')",EX-32.01,6713
"('c-20221231_d2.htm', '/ix?doc=/Archives/edgar/data/831001/000083100123000037/c-20221231_d2.htm')",EX-99.01,44214
"('c-20221231_d2.htm', '/ix?doc=/Archives/edgar/data/831001/000083100123000037/c-20221231_d2.htm')",EX-99.01,44214
"('c-20221231_d2.htm', '/ix?doc=/Archives/edgar/data/831001/000083100123000037/c-20221231_d2.htm')",EX-99.01,44214
"('c-20221231_d2.htm', '/ix?doc=/Archives/edgar/data/831001/000083100123000037/c-20221231_d2.htm')",EX-99.01,44214
"('c-20221231_g1.jpg', '/Archives/edgar/data/831001/000083100123000037/c-20221231_g1.jpg')",GRAPHIC,169102
"('c-20221231_g1.jpg', '/Archives/edgar/data/831001/000083100123000037/c-20221231_g1.jpg')",GRAPHIC,169102
"('c-20221231_g1.jpg', '/Archives/edgar/data/831001/000083100123000037/c-20221231_g1.jpg')",GRAPHIC,169102
"('c-20221231_g1.jpg', '/Archives/edgar/data/831001/000083100123000037/c-20221231_g1.jpg')",GRAPHIC,169102
"('c-20221231_g10.jpg', '/Archives/edgar/data/831001/000083100123000037/c-20221231_g10.jpg')",GRAPHIC,67952
"('c-20221231_g10.jpg', '/Archives/edgar/data/831001/000083100123000037/c-20221231_g10.jpg')",GRAPHIC,67952
"('c-20221231_g10.jpg', '/Archives/edgar/data/831001/000083100123000037/c-20221231_g10.jpg')",GRAPHIC,67952
"('c-20221231_g10.jpg', '/Archives/edgar/data/831001/000083100123000037/c-20221231_g10.jpg')",GRAPHIC,67952
"('c-20221231_g11.jpg', '/Archives/edgar/data/831001/000083100123000037/c-20221231_g11.jpg')",GRAPHIC,78993
"('c-20221231_g11.jpg', '/Archives/edgar/data/831001/000083100123000037/c-20221231_g11.jpg')",GRAPHIC,78993
"('c-20221231_g11.jpg', '/Archives/edgar/data/831001/000083100123000037/c-20221231_g11.jpg')",GRAPHIC,78993
"('c-20221231_g11.jpg', '/Archives/edgar/data/831001/000083100123000037/c-20221231_g11.jpg')",GRAPHIC,78993
"('c-20221231_g12.jpg', '/Archives/edgar/data/831001/000083100123000037/c-20221231_g12.jpg')",GRAPHIC,110702
"('c-20221231_g12.jpg', '/Archives/edgar/data/831001/000083100123000037/c-20221231_g12.jpg')",GRAPHIC,110702
"('c-20221231_g12.jpg', '/Archives/edgar/data/831001/000083100123000037/c-20221231_g12.jpg')",GRAPHIC,110702
"('c-20221231_g12.jpg', '/Archives/edgar/data/831001/000083100123000037/c-20221231_g12.jpg')",GRAPHIC,110702
"('c-20221231_g13.jpg', '/Archives/edgar/data/831001/000083100123000037/c-20221231_g13.jpg')",GRAPHIC,3458
"('c-20221231_g13.jpg', '/Archives/edgar/data/831001/000083100123000037/c-20221231_g13.jpg')",GRAPHIC,3458
"('c-20221231_g13.jpg', '/Archives/edgar/data/831001/000083100123000037/c-20221231_g13.jpg')",GRAPHIC,3458
"('c-20221231_g13.jpg', '/Archives/edgar/data/831001/000083100123000037/c-20221231_g13.jpg')",GRAPHIC,3458
"('c-20221231_g14.jpg', '/Archives/edgar/data/831001/000083100123000037/c-20221231_g14.jpg')",GRAPHIC,80523
"('c-20221231_g14.jpg', '/Archives/edgar/data/831001/000083100123000037/c-20221231_g14.jpg')",GRAPHIC,80523
"('c-20221231_g14.jpg', '/Archives/edgar/data/831001/000083100123000037/c-20221231_g14.jpg')",GRAPHIC,80523
"('c-20221231_g14.jpg', '/Archives/edgar/data/831001/000083100123000037/c-20221231_g14.jpg')",GRAPHIC,80523
"('c-20221231_g2.jpg', '/Archives/edgar/data/831001/000083100123000037/c-20221231_g2.jpg')",GRAPHIC,9449
"('c-20221231_g2.jpg', '/Archives/edgar/data/831001/000083100123000037/c-20221231_g2.jpg')",GRAPHIC,9449
"('c-20221231_g2.jpg', '/Archives/edgar/data/831001/000083100123000037/c-20221231_g2.jpg')",GRAPHIC,9449
"('c-20221231_g2.jpg', '/Archives/edgar/data/831001/000083100123000037/c-20221231_g2.jpg')",GRAPHIC,9449
"('c-20221231_g3.jpg', '/Archives/edgar/data/831001/000083100123000037/c-20221231_g3.jpg')",GRAPHIC,22623
"('c-20221231_g3.jpg', '/Archives/edgar/data/831001/000083100123000037/c-20221231_g3.jpg')",GRAPHIC,22623
"('c-20221231_g3.jpg', '/Archives/edgar/data/831001/000083100123000037/c-20221231_g3.jpg')",GRAPHIC,22623
"('c-20221231_g3.jpg', '/Archives/edgar/data/831001/000083100123000037/c-20221231_g3.jpg')",GRAPHIC,22623
"('c-20221231_g4.jpg', '/Archives/edgar/data/831001/000083100123000037/c-20221231_g4.jpg')",GRAPHIC,21702
"('c-20221231_g4.jpg', '/Archives/edgar/data/831001/000083100123000037/c-20221231_g4.jpg')",GRAPHIC,21702
"('c-20221231_g4.jpg', '/Archives/edgar/data/831001/000083100123000037/c-20221231_g4.jpg')",GRAPHIC,21702
"('c-20221231_g4.jpg', '/Archives/edgar/data/831001/000083100123000037/c-20221231_g4.jpg')",GRAPHIC,21702
"('c-20221231_g5.jpg', '/Archives/edgar/data/831001/000083100123000037/c-20221231_g5.jpg')",GRAPHIC,21858
"('c-20221231_g5.jpg', '/Archives/edgar/data/831001/000083100123000037/c-20221231_g5.jpg')",GRAPHIC,21858
"('c-20221231_g5.jpg', '/Archives/edgar/data/831001/000083100123000037/c-20221231_g5.jpg')",GRAPHIC,21858
"('c-20221231_g5.jpg', '/Archives/edgar/data/831001/000083100123000037/c-20221231_g5.jpg')",GRAPHIC,21858
"('c-20221231_g6.jpg', '/Archives/edgar/data/831001/000083100123000037/c-20221231_g6.jpg')",GRAPHIC,21686
"('c-20221231_g6.jpg', '/Archives/edgar/data/831001/000083100123000037/c-20221231_g6.jpg')",GRAPHIC,21686
"('c-20221231_g6.jpg', '/Archives/edgar/data/831001/000083100123000037/c-20221231_g6.jpg')",GRAPHIC,21686
"('c-20221231_g6.jpg', '/Archives/edgar/data/831001/000083100123000037/c-20221231_g6.jpg')",GRAPHIC,21686
"('c-20221231_g7.jpg', '/Archives/edgar/data/831001/000083100123000037/c-20221231_g7.jpg')",GRAPHIC,21656
"('c-20221231_g7.jpg', '/Archives/edgar/data/831001/000083100123000037/c-20221231_g7.jpg')",GRAPHIC,21656
"('c-20221231_g7.jpg', '/Archives/edgar/data/831001/000083100123000037/c-20221231_g7.jpg')",GRAPHIC,21656
"('c-20221231_g7.jpg', '/Archives/edgar/data/831001/000083100123000037/c-20221231_g7.jpg')",GRAPHIC,21656
"('c-20221231_g8.jpg', '/Archives/edgar/data/831001/000083100123000037/c-20221231_g8.jpg')",GRAPHIC,21594
"('c-20221231_g8.jpg', '/Archives/edgar/data/831001/000083100123000037/c-20221231_g8.jpg')",GRAPHIC,21594
"('c-20221231_g8.jpg', '/Archives/edgar/data/831001/000083100123000037/c-20221231_g8.jpg')",GRAPHIC,21594
"('c-20221231_g8.jpg', '/Archives/edgar/data/831001/000083100123000037/c-20221231_g8.jpg')",GRAPHIC,21594
"('c-20221231_g9.jpg', '/Archives/edgar/data/831001/000083100123000037/c-20221231_g9.jpg')",GRAPHIC,21813
"('c-20221231_g9.jpg', '/Archives/edgar/data/831001/000083100123000037/c-20221231_g9.jpg')",GRAPHIC,21813
"('c-20221231_g9.jpg', '/Archives/edgar/data/831001/000083100123000037/c-20221231_g9.jpg')",GRAPHIC,21813
"('c-20221231_g9.jpg', '/Archives/edgar/data/831001/000083100123000037/c-20221231_g9.jpg')",GRAPHIC,21813
"('image_0.jpg', '/Archives/edgar/data/831001/000083100123000037/image_0.jpg')",GRAPHIC,2469
"('image_0.jpg', '/Archives/edgar/data/831001/000083100123000037/image_0.jpg')",GRAPHIC,2469
"('image_0.jpg', '/Archives/edgar/data/831001/000083100123000037/image_0.jpg')",GRAPHIC,2469
"('image_0.jpg', '/Archives/edgar/data/831001/000083100123000037/image_0.jpg')",GRAPHIC,2469
"('0000831001-23-000037.txt', '/Archives/edgar/data/831001/000083100123000037/0000831001-23-000037.txt')",,89455198
"('0000831001-23-000037.txt', '/Archives/edgar/data/831001/000083100123000037/0000831001-23-000037.txt')",,89455198
"('0000831001-23-000037.txt', '/Archives/edgar/data/831001/000083100123000037/0000831001-23-000037.txt')",,89455198
"('0000831001-23-000037.txt', '/Archives/edgar/data/831001/000083100123000037/0000831001-23-000037.txt')",,89455198
