text and hyperlink,form type,size
"('schw-20221231.htm', '/ix?doc=/Archives/edgar/data/316709/000031670923000009/schw-20221231.htm')",10-K,6830253
"('schw-20221231.htm', '/ix?doc=/Archives/edgar/data/316709/000031670923000009/schw-20221231.htm')",10-K,6830253
"('schw-20221231.htm', '/ix?doc=/Archives/edgar/data/316709/000031670923000009/schw-20221231.htm')",10-K,6830253
"('schw-20221231.htm', '/ix?doc=/Archives/edgar/data/316709/000031670923000009/schw-20221231.htm')",10-K,6830253
"('schw-12312022xex41110k.htm', '/Archives/edgar/data/316709/000031670923000009/schw-12312022xex41110k.htm')",EX-4.11,93939
"('schw-12312022xex41110k.htm', '/Archives/edgar/data/316709/000031670923000009/schw-12312022xex41110k.htm')",EX-4.11,93939
"('schw-12312022xex41110k.htm', '/Archives/edgar/data/316709/000031670923000009/schw-12312022xex41110k.htm')",EX-4.11,93939
"('schw-12312022xex41110k.htm', '/Archives/edgar/data/316709/000031670923000009/schw-12312022xex41110k.htm')",EX-4.11,93939
"('schw-12312022xex10407iii.htm', '/Archives/edgar/data/316709/000031670923000009/schw-12312022xex10407iii.htm')",EX-10.407(III),30257
"('schw-12312022xex10407iii.htm', '/Archives/edgar/data/316709/000031670923000009/schw-12312022xex10407iii.htm')",EX-10.407(III),30257
"('schw-12312022xex10407iii.htm', '/Archives/edgar/data/316709/000031670923000009/schw-12312022xex10407iii.htm')",EX-10.407(III),30257
"('schw-12312022xex10407iii.htm', '/Archives/edgar/data/316709/000031670923000009/schw-12312022xex10407iii.htm')",EX-10.407(III),30257
"('schw-12312022xex21110k.htm', '/Archives/edgar/data/316709/000031670923000009/schw-12312022xex21110k.htm')",EX-21.1,11578
"('schw-12312022xex21110k.htm', '/Archives/edgar/data/316709/000031670923000009/schw-12312022xex21110k.htm')",EX-21.1,11578
"('schw-12312022xex21110k.htm', '/Archives/edgar/data/316709/000031670923000009/schw-12312022xex21110k.htm')",EX-21.1,11578
"('schw-12312022xex21110k.htm', '/Archives/edgar/data/316709/000031670923000009/schw-12312022xex21110k.htm')",EX-21.1,11578
"('schw-12312022xex23110k.htm', '/Archives/edgar/data/316709/000031670923000009/schw-12312022xex23110k.htm')",EX-23.1,13843
"('schw-12312022xex23110k.htm', '/Archives/edgar/data/316709/000031670923000009/schw-12312022xex23110k.htm')",EX-23.1,13843
"('schw-12312022xex23110k.htm', '/Archives/edgar/data/316709/000031670923000009/schw-12312022xex23110k.htm')",EX-23.1,13843
"('schw-12312022xex23110k.htm', '/Archives/edgar/data/316709/000031670923000009/schw-12312022xex23110k.htm')",EX-23.1,13843
"('schw-12312022xex31110k.htm', '/Archives/edgar/data/316709/000031670923000009/schw-12312022xex31110k.htm')",EX-31.1,10395
"('schw-12312022xex31110k.htm', '/Archives/edgar/data/316709/000031670923000009/schw-12312022xex31110k.htm')",EX-31.1,10395
"('schw-12312022xex31110k.htm', '/Archives/edgar/data/316709/000031670923000009/schw-12312022xex31110k.htm')",EX-31.1,10395
"('schw-12312022xex31110k.htm', '/Archives/edgar/data/316709/000031670923000009/schw-12312022xex31110k.htm')",EX-31.1,10395
"('schw-12312022xex31210k.htm', '/Archives/edgar/data/316709/000031670923000009/schw-12312022xex31210k.htm')",EX-31.2,10338
"('schw-12312022xex31210k.htm', '/Archives/edgar/data/316709/000031670923000009/schw-12312022xex31210k.htm')",EX-31.2,10338
"('schw-12312022xex31210k.htm', '/Archives/edgar/data/316709/000031670923000009/schw-12312022xex31210k.htm')",EX-31.2,10338
"('schw-12312022xex31210k.htm', '/Archives/edgar/data/316709/000031670923000009/schw-12312022xex31210k.htm')",EX-31.2,10338
"('schw-12312022xex32110k.htm', '/Archives/edgar/data/316709/000031670923000009/schw-12312022xex32110k.htm')",EX-32.1,8190
"('schw-12312022xex32110k.htm', '/Archives/edgar/data/316709/000031670923000009/schw-12312022xex32110k.htm')",EX-32.1,8190
"('schw-12312022xex32110k.htm', '/Archives/edgar/data/316709/000031670923000009/schw-12312022xex32110k.htm')",EX-32.1,8190
"('schw-12312022xex32110k.htm', '/Archives/edgar/data/316709/000031670923000009/schw-12312022xex32110k.htm')",EX-32.1,8190
"('schw-12312022xex32210k.htm', '/Archives/edgar/data/316709/000031670923000009/schw-12312022xex32210k.htm')",EX-32.2,8046
"('schw-12312022xex32210k.htm', '/Archives/edgar/data/316709/000031670923000009/schw-12312022xex32210k.htm')",EX-32.2,8046
"('schw-12312022xex32210k.htm', '/Archives/edgar/data/316709/000031670923000009/schw-12312022xex32210k.htm')",EX-32.2,8046
"('schw-12312022xex32210k.htm', '/Archives/edgar/data/316709/000031670923000009/schw-12312022xex32210k.htm')",EX-32.2,8046
"('schw-20221231_g1.jpg', '/Archives/edgar/data/316709/000031670923000009/schw-20221231_g1.jpg')",GRAPHIC,245210
"('schw-20221231_g1.jpg', '/Archives/edgar/data/316709/000031670923000009/schw-20221231_g1.jpg')",GRAPHIC,245210
"('schw-20221231_g1.jpg', '/Archives/edgar/data/316709/000031670923000009/schw-20221231_g1.jpg')",GRAPHIC,245210
"('schw-20221231_g1.jpg', '/Archives/edgar/data/316709/000031670923000009/schw-20221231_g1.jpg')",GRAPHIC,245210
"('0000316709-23-000009.txt', '/Archives/edgar/data/316709/000031670923000009/0000316709-23-000009.txt')",,30099727
"('0000316709-23-000009.txt', '/Archives/edgar/data/316709/000031670923000009/0000316709-23-000009.txt')",,30099727
"('0000316709-23-000009.txt', '/Archives/edgar/data/316709/000031670923000009/0000316709-23-000009.txt')",,30099727
"('0000316709-23-000009.txt', '/Archives/edgar/data/316709/000031670923000009/0000316709-23-000009.txt')",,30099727
