text and hyperlink,form type,size
"('ms-20221231.htm', '/ix?doc=/Archives/edgar/data/895421/000089542123000284/ms-20221231.htm')",10-K,12034542
"('ms-20221231.htm', '/ix?doc=/Archives/edgar/data/895421/000089542123000284/ms-20221231.htm')",10-K,12034542
"('ms-20221231.htm', '/ix?doc=/Archives/edgar/data/895421/000089542123000284/ms-20221231.htm')",10-K,12034542
"('ms-20221231.htm', '/ix?doc=/Archives/edgar/data/895421/000089542123000284/ms-20221231.htm')",10-K,12034542
"('exhibit41q42022_10k.htm', '/Archives/edgar/data/895421/000089542123000284/exhibit41q42022_10k.htm')",EX-4.1,236576
"('exhibit41q42022_10k.htm', '/Archives/edgar/data/895421/000089542123000284/exhibit41q42022_10k.htm')",EX-4.1,236576
"('exhibit41q42022_10k.htm', '/Archives/edgar/data/895421/000089542123000284/exhibit41q42022_10k.htm')",EX-4.1,236576
"('exhibit41q42022_10k.htm', '/Archives/edgar/data/895421/000089542123000284/exhibit41q42022_10k.htm')",EX-4.1,236576
"('exhibit104q42022_10-k.htm', '/Archives/edgar/data/895421/000089542123000284/exhibit104q42022_10-k.htm')",EX-10.4,18797
"('exhibit104q42022_10-k.htm', '/Archives/edgar/data/895421/000089542123000284/exhibit104q42022_10-k.htm')",EX-10.4,18797
"('exhibit104q42022_10-k.htm', '/Archives/edgar/data/895421/000089542123000284/exhibit104q42022_10-k.htm')",EX-10.4,18797
"('exhibit104q42022_10-k.htm', '/Archives/edgar/data/895421/000089542123000284/exhibit104q42022_10-k.htm')",EX-10.4,18797
"('exhibit106q42022_10-k.htm', '/Archives/edgar/data/895421/000089542123000284/exhibit106q42022_10-k.htm')",EX-10.6,134198
"('exhibit106q42022_10-k.htm', '/Archives/edgar/data/895421/000089542123000284/exhibit106q42022_10-k.htm')",EX-10.6,134198
"('exhibit106q42022_10-k.htm', '/Archives/edgar/data/895421/000089542123000284/exhibit106q42022_10-k.htm')",EX-10.6,134198
"('exhibit106q42022_10-k.htm', '/Archives/edgar/data/895421/000089542123000284/exhibit106q42022_10-k.htm')",EX-10.6,134198
"('exhibit108q42022_10-k.htm', '/Archives/edgar/data/895421/000089542123000284/exhibit108q42022_10-k.htm')",EX-10.8,92258
"('exhibit108q42022_10-k.htm', '/Archives/edgar/data/895421/000089542123000284/exhibit108q42022_10-k.htm')",EX-10.8,92258
"('exhibit108q42022_10-k.htm', '/Archives/edgar/data/895421/000089542123000284/exhibit108q42022_10-k.htm')",EX-10.8,92258
"('exhibit108q42022_10-k.htm', '/Archives/edgar/data/895421/000089542123000284/exhibit108q42022_10-k.htm')",EX-10.8,92258
"('exhibit1018q42022_10-k.htm', '/Archives/edgar/data/895421/000089542123000284/exhibit1018q42022_10-k.htm')",EX-10.18,8686
"('exhibit1018q42022_10-k.htm', '/Archives/edgar/data/895421/000089542123000284/exhibit1018q42022_10-k.htm')",EX-10.18,8686
"('exhibit1018q42022_10-k.htm', '/Archives/edgar/data/895421/000089542123000284/exhibit1018q42022_10-k.htm')",EX-10.18,8686
"('exhibit1018q42022_10-k.htm', '/Archives/edgar/data/895421/000089542123000284/exhibit1018q42022_10-k.htm')",EX-10.18,8686
"('exhibit1022q42022_10-k.htm', '/Archives/edgar/data/895421/000089542123000284/exhibit1022q42022_10-k.htm')",EX-10.22,266626
"('exhibit1022q42022_10-k.htm', '/Archives/edgar/data/895421/000089542123000284/exhibit1022q42022_10-k.htm')",EX-10.22,266626
"('exhibit1022q42022_10-k.htm', '/Archives/edgar/data/895421/000089542123000284/exhibit1022q42022_10-k.htm')",EX-10.22,266626
"('exhibit1022q42022_10-k.htm', '/Archives/edgar/data/895421/000089542123000284/exhibit1022q42022_10-k.htm')",EX-10.22,266626
"('exhibit21q42022_10-k.htm', '/Archives/edgar/data/895421/000089542123000284/exhibit21q42022_10-k.htm')",EX-21,12325
"('exhibit21q42022_10-k.htm', '/Archives/edgar/data/895421/000089542123000284/exhibit21q42022_10-k.htm')",EX-21,12325
"('exhibit21q42022_10-k.htm', '/Archives/edgar/data/895421/000089542123000284/exhibit21q42022_10-k.htm')",EX-21,12325
"('exhibit21q42022_10-k.htm', '/Archives/edgar/data/895421/000089542123000284/exhibit21q42022_10-k.htm')",EX-21,12325
"('exhibit22q42022_10-k.htm', '/Archives/edgar/data/895421/000089542123000284/exhibit22q42022_10-k.htm')",EX-22,3302
"('exhibit22q42022_10-k.htm', '/Archives/edgar/data/895421/000089542123000284/exhibit22q42022_10-k.htm')",EX-22,3302
"('exhibit22q42022_10-k.htm', '/Archives/edgar/data/895421/000089542123000284/exhibit22q42022_10-k.htm')",EX-22,3302
"('exhibit22q42022_10-k.htm', '/Archives/edgar/data/895421/000089542123000284/exhibit22q42022_10-k.htm')",EX-22,3302
"('exhibit231q42022_10-k.htm', '/Archives/edgar/data/895421/000089542123000284/exhibit231q42022_10-k.htm')",EX-23.1,14783
"('exhibit231q42022_10-k.htm', '/Archives/edgar/data/895421/000089542123000284/exhibit231q42022_10-k.htm')",EX-23.1,14783
"('exhibit231q42022_10-k.htm', '/Archives/edgar/data/895421/000089542123000284/exhibit231q42022_10-k.htm')",EX-23.1,14783
"('exhibit231q42022_10-k.htm', '/Archives/edgar/data/895421/000089542123000284/exhibit231q42022_10-k.htm')",EX-23.1,14783
"('exhibit311q42022_10-k.htm', '/Archives/edgar/data/895421/000089542123000284/exhibit311q42022_10-k.htm')",EX-31.1,9895
"('exhibit311q42022_10-k.htm', '/Archives/edgar/data/895421/000089542123000284/exhibit311q42022_10-k.htm')",EX-31.1,9895
"('exhibit311q42022_10-k.htm', '/Archives/edgar/data/895421/000089542123000284/exhibit311q42022_10-k.htm')",EX-31.1,9895
"('exhibit311q42022_10-k.htm', '/Archives/edgar/data/895421/000089542123000284/exhibit311q42022_10-k.htm')",EX-31.1,9895
"('exhibit312q42022_10-k.htm', '/Archives/edgar/data/895421/000089542123000284/exhibit312q42022_10-k.htm')",EX-31.2,9895
"('exhibit312q42022_10-k.htm', '/Archives/edgar/data/895421/000089542123000284/exhibit312q42022_10-k.htm')",EX-31.2,9895
"('exhibit312q42022_10-k.htm', '/Archives/edgar/data/895421/000089542123000284/exhibit312q42022_10-k.htm')",EX-31.2,9895
"('exhibit312q42022_10-k.htm', '/Archives/edgar/data/895421/000089542123000284/exhibit312q42022_10-k.htm')",EX-31.2,9895
"('exhibit321q42022_10-k.htm', '/Archives/edgar/data/895421/000089542123000284/exhibit321q42022_10-k.htm')",EX-32.1,4874
"('exhibit321q42022_10-k.htm', '/Archives/edgar/data/895421/000089542123000284/exhibit321q42022_10-k.htm')",EX-32.1,4874
"('exhibit321q42022_10-k.htm', '/Archives/edgar/data/895421/000089542123000284/exhibit321q42022_10-k.htm')",EX-32.1,4874
"('exhibit321q42022_10-k.htm', '/Archives/edgar/data/895421/000089542123000284/exhibit321q42022_10-k.htm')",EX-32.1,4874
"('exhibit322q42022_10-k.htm', '/Archives/edgar/data/895421/000089542123000284/exhibit322q42022_10-k.htm')",EX-32.2,4877
"('exhibit322q42022_10-k.htm', '/Archives/edgar/data/895421/000089542123000284/exhibit322q42022_10-k.htm')",EX-32.2,4877
"('exhibit322q42022_10-k.htm', '/Archives/edgar/data/895421/000089542123000284/exhibit322q42022_10-k.htm')",EX-32.2,4877
"('exhibit322q42022_10-k.htm', '/Archives/edgar/data/895421/000089542123000284/exhibit322q42022_10-k.htm')",EX-32.2,4877
"('jpg41.jpg', '/Archives/edgar/data/895421/000089542123000284/jpg41.jpg')",GRAPHIC,13281
"('jpg41.jpg', '/Archives/edgar/data/895421/000089542123000284/jpg41.jpg')",GRAPHIC,13281
"('jpg41.jpg', '/Archives/edgar/data/895421/000089542123000284/jpg41.jpg')",GRAPHIC,13281
"('jpg41.jpg', '/Archives/edgar/data/895421/000089542123000284/jpg41.jpg')",GRAPHIC,13281
"('ms-20221231_g1.jpg', '/Archives/edgar/data/895421/000089542123000284/ms-20221231_g1.jpg')",GRAPHIC,25067
"('ms-20221231_g1.jpg', '/Archives/edgar/data/895421/000089542123000284/ms-20221231_g1.jpg')",GRAPHIC,25067
"('ms-20221231_g1.jpg', '/Archives/edgar/data/895421/000089542123000284/ms-20221231_g1.jpg')",GRAPHIC,25067
"('ms-20221231_g1.jpg', '/Archives/edgar/data/895421/000089542123000284/ms-20221231_g1.jpg')",GRAPHIC,25067
"('ms-20221231_g10.jpg', '/Archives/edgar/data/895421/000089542123000284/ms-20221231_g10.jpg')",GRAPHIC,46725
"('ms-20221231_g10.jpg', '/Archives/edgar/data/895421/000089542123000284/ms-20221231_g10.jpg')",GRAPHIC,46725
"('ms-20221231_g10.jpg', '/Archives/edgar/data/895421/000089542123000284/ms-20221231_g10.jpg')",GRAPHIC,46725
"('ms-20221231_g10.jpg', '/Archives/edgar/data/895421/000089542123000284/ms-20221231_g10.jpg')",GRAPHIC,46725
"('ms-20221231_g11.jpg', '/Archives/edgar/data/895421/000089542123000284/ms-20221231_g11.jpg')",GRAPHIC,43065
"('ms-20221231_g11.jpg', '/Archives/edgar/data/895421/000089542123000284/ms-20221231_g11.jpg')",GRAPHIC,43065
"('ms-20221231_g11.jpg', '/Archives/edgar/data/895421/000089542123000284/ms-20221231_g11.jpg')",GRAPHIC,43065
"('ms-20221231_g11.jpg', '/Archives/edgar/data/895421/000089542123000284/ms-20221231_g11.jpg')",GRAPHIC,43065
"('ms-20221231_g12.jpg', '/Archives/edgar/data/895421/000089542123000284/ms-20221231_g12.jpg')",GRAPHIC,47750
"('ms-20221231_g12.jpg', '/Archives/edgar/data/895421/000089542123000284/ms-20221231_g12.jpg')",GRAPHIC,47750
"('ms-20221231_g12.jpg', '/Archives/edgar/data/895421/000089542123000284/ms-20221231_g12.jpg')",GRAPHIC,47750
"('ms-20221231_g12.jpg', '/Archives/edgar/data/895421/000089542123000284/ms-20221231_g12.jpg')",GRAPHIC,47750
"('ms-20221231_g2.jpg', '/Archives/edgar/data/895421/000089542123000284/ms-20221231_g2.jpg')",GRAPHIC,24086
"('ms-20221231_g2.jpg', '/Archives/edgar/data/895421/000089542123000284/ms-20221231_g2.jpg')",GRAPHIC,24086
"('ms-20221231_g2.jpg', '/Archives/edgar/data/895421/000089542123000284/ms-20221231_g2.jpg')",GRAPHIC,24086
"('ms-20221231_g2.jpg', '/Archives/edgar/data/895421/000089542123000284/ms-20221231_g2.jpg')",GRAPHIC,24086
"('ms-20221231_g3.jpg', '/Archives/edgar/data/895421/000089542123000284/ms-20221231_g3.jpg')",GRAPHIC,23826
"('ms-20221231_g3.jpg', '/Archives/edgar/data/895421/000089542123000284/ms-20221231_g3.jpg')",GRAPHIC,23826
"('ms-20221231_g3.jpg', '/Archives/edgar/data/895421/000089542123000284/ms-20221231_g3.jpg')",GRAPHIC,23826
"('ms-20221231_g3.jpg', '/Archives/edgar/data/895421/000089542123000284/ms-20221231_g3.jpg')",GRAPHIC,23826
"('ms-20221231_g4.jpg', '/Archives/edgar/data/895421/000089542123000284/ms-20221231_g4.jpg')",GRAPHIC,22901
"('ms-20221231_g4.jpg', '/Archives/edgar/data/895421/000089542123000284/ms-20221231_g4.jpg')",GRAPHIC,22901
"('ms-20221231_g4.jpg', '/Archives/edgar/data/895421/000089542123000284/ms-20221231_g4.jpg')",GRAPHIC,22901
"('ms-20221231_g4.jpg', '/Archives/edgar/data/895421/000089542123000284/ms-20221231_g4.jpg')",GRAPHIC,22901
"('ms-20221231_g5.jpg', '/Archives/edgar/data/895421/000089542123000284/ms-20221231_g5.jpg')",GRAPHIC,67889
"('ms-20221231_g5.jpg', '/Archives/edgar/data/895421/000089542123000284/ms-20221231_g5.jpg')",GRAPHIC,67889
"('ms-20221231_g5.jpg', '/Archives/edgar/data/895421/000089542123000284/ms-20221231_g5.jpg')",GRAPHIC,67889
"('ms-20221231_g5.jpg', '/Archives/edgar/data/895421/000089542123000284/ms-20221231_g5.jpg')",GRAPHIC,67889
"('ms-20221231_g6.jpg', '/Archives/edgar/data/895421/000089542123000284/ms-20221231_g6.jpg')",GRAPHIC,73318
"('ms-20221231_g6.jpg', '/Archives/edgar/data/895421/000089542123000284/ms-20221231_g6.jpg')",GRAPHIC,73318
"('ms-20221231_g6.jpg', '/Archives/edgar/data/895421/000089542123000284/ms-20221231_g6.jpg')",GRAPHIC,73318
"('ms-20221231_g6.jpg', '/Archives/edgar/data/895421/000089542123000284/ms-20221231_g6.jpg')",GRAPHIC,73318
"('ms-20221231_g7.jpg', '/Archives/edgar/data/895421/000089542123000284/ms-20221231_g7.jpg')",GRAPHIC,72109
"('ms-20221231_g7.jpg', '/Archives/edgar/data/895421/000089542123000284/ms-20221231_g7.jpg')",GRAPHIC,72109
"('ms-20221231_g7.jpg', '/Archives/edgar/data/895421/000089542123000284/ms-20221231_g7.jpg')",GRAPHIC,72109
"('ms-20221231_g7.jpg', '/Archives/edgar/data/895421/000089542123000284/ms-20221231_g7.jpg')",GRAPHIC,72109
"('ms-20221231_g8.jpg', '/Archives/edgar/data/895421/000089542123000284/ms-20221231_g8.jpg')",GRAPHIC,66183
"('ms-20221231_g8.jpg', '/Archives/edgar/data/895421/000089542123000284/ms-20221231_g8.jpg')",GRAPHIC,66183
"('ms-20221231_g8.jpg', '/Archives/edgar/data/895421/000089542123000284/ms-20221231_g8.jpg')",GRAPHIC,66183
"('ms-20221231_g8.jpg', '/Archives/edgar/data/895421/000089542123000284/ms-20221231_g8.jpg')",GRAPHIC,66183
"('ms-20221231_g9.jpg', '/Archives/edgar/data/895421/000089542123000284/ms-20221231_g9.jpg')",GRAPHIC,99088
"('ms-20221231_g9.jpg', '/Archives/edgar/data/895421/000089542123000284/ms-20221231_g9.jpg')",GRAPHIC,99088
"('ms-20221231_g9.jpg', '/Archives/edgar/data/895421/000089542123000284/ms-20221231_g9.jpg')",GRAPHIC,99088
"('ms-20221231_g9.jpg', '/Archives/edgar/data/895421/000089542123000284/ms-20221231_g9.jpg')",GRAPHIC,99088
"('0000895421-23-000284.txt', '/Archives/edgar/data/895421/000089542123000284/0000895421-23-000284.txt')",,52261037
"('0000895421-23-000284.txt', '/Archives/edgar/data/895421/000089542123000284/0000895421-23-000284.txt')",,52261037
"('0000895421-23-000284.txt', '/Archives/edgar/data/895421/000089542123000284/0000895421-23-000284.txt')",,52261037
"('0000895421-23-000284.txt', '/Archives/edgar/data/895421/000089542123000284/0000895421-23-000284.txt')",,52261037
